-- phpMyAdmin SQL Dump
-- version 4.1.14
-- http://www.phpmyadmin.net
--
-- Client :  127.0.0.1
-- Généré le :  Mer 09 Mars 2016 à 23:02
-- Version du serveur :  5.6.17
-- Version de PHP :  5.5.12

SET SQL_MODE = "NO_AUTO_VALUE_ON_ZERO";
SET time_zone = "+00:00";


/*!40101 SET @OLD_CHARACTER_SET_CLIENT=@@CHARACTER_SET_CLIENT */;
/*!40101 SET @OLD_CHARACTER_SET_RESULTS=@@CHARACTER_SET_RESULTS */;
/*!40101 SET @OLD_COLLATION_CONNECTION=@@COLLATION_CONNECTION */;
/*!40101 SET NAMES utf8 */;

--
-- Base de données :  `symfony1`
--

-- --------------------------------------------------------

--
-- Structure de la table `board_decision`
--

CREATE TABLE IF NOT EXISTS `board_decision` (
  `student` int(8) unsigned NOT NULL,
  `year` int(4) unsigned NOT NULL,
  `semester` varchar(255) NOT NULL,
  `decision` varchar(255) NOT NULL,
  PRIMARY KEY (`student`,`year`,`semester`),
  KEY `fk_board_decision_decision` (`decision`)
) ENGINE=MyISAM DEFAULT CHARSET=utf8;

--
-- Contenu de la table `board_decision`
--

INSERT INTO `board_decision` (`student`, `year`, `semester`, `decision`) VALUES
(21320236, 2013, 'S1', 'AJ'),
(21320116, 2013, 'S1', 'AJ'),
(21420185, 2014, 'S1', 'VAL'),
(21424448, 2014, 'S1', ''),
(21424443, 2014, 'S1', 'VAL'),
(21422542, 2014, 'S1', 'VAL'),
(21421921, 2014, 'S1', 'VAL'),
(21421835, 2014, 'S1', 'VAL'),
(21421723, 2014, 'S1', 'AJ'),
(21420755, 2014, 'S1', 'VAL'),
(21420165, 2014, 'S1', 'AJ'),
(21423688, 2014, 'S1', 'VAL'),
(21422499, 2014, 'S1', 'VAL'),
(21420747, 2014, 'S1', 'VAL'),
(21422723, 2014, 'S1', 'VAL'),
(21420556, 2014, 'S1', 'VAL'),
(21421824, 2014, 'S1', 'VAL'),
(21422336, 2014, 'S1', 'VAL'),
(21422315, 2014, 'S1', 'VAL'),
(21424240, 2014, 'S1', 'VAL'),
(21423100, 2014, 'S1', 'AJ'),
(21424578, 2014, 'S1', 'VAL'),
(21421735, 2014, 'S1', 'VAL'),
(21420215, 2014, 'S1', 'VAL'),
(21421222, 2014, 'S1', 'VAL'),
(21420239, 2014, 'S1', 'VAL'),
(21420538, 2014, 'S1', 'VAL'),
(21421543, 2014, 'S1', 'VAL'),
(21421177, 2014, 'S1', 'VAL'),
(21420125, 2014, 'S1', 'VAL'),
(21422259, 2014, 'S1', 'AJ'),
(21422554, 2014, 'S1', 'VAL'),
(21421227, 2014, 'S1', 'VAL'),
(21424159, 2014, 'S1', 'VAL'),
(21421277, 2014, 'S1', 'VAL'),
(21423197, 2014, 'S1', 'VAL'),
(21423049, 2014, 'S1', 'AJNC'),
(21424322, 2014, 'S1', 'VAL'),
(21420539, 2014, 'S1', 'VAL'),
(21424319, 2014, 'S1', 'VAL'),
(21320236, 2014, 'S1', 'VAL'),
(21321124, 2014, 'S1', 'VAL'),
(21422425, 2014, 'S1', 'VAL'),
(21424434, 2014, 'S1', 'VAL'),
(21420526, 2014, 'S1', 'VAL'),
(21420257, 2014, 'S1', 'VAL'),
(21423125, 2014, 'S1', 'VAL'),
(21420214, 2014, 'S1', 'VAL'),
(21420307, 2014, 'S1', 'VAL'),
(21420445, 2014, 'S1', 'VAL'),
(21425845, 2014, 'S1', 'AJ'),
(21420192, 2014, 'S1', 'VAL'),
(21420458, 2014, 'S1', 'VAL'),
(21420266, 2014, 'S1', 'VAL'),
(21423285, 2014, 'S1', 'AJNC'),
(21423152, 2014, 'S1', 'VAL'),
(21420362, 2014, 'S1', 'AJ'),
(21420247, 2014, 'S1', 'VAL'),
(21421750, 2014, 'S1', 'VAL'),
(21424245, 2014, 'S1', 'VAL'),
(21420760, 2014, 'S1', 'VAL'),
(21420148, 2014, 'S1', 'VAL'),
(21420334, 2014, 'S1', 'VAL'),
(21420233, 2014, 'S1', 'VAL'),
(21420425, 2014, 'S1', 'VAL'),
(21420658, 2014, 'S1', 'VAL'),
(21420636, 2014, 'S1', 'VAL'),
(21421377, 2014, 'S1', 'VAL'),
(21420562, 2014, 'S1', 'VAL'),
(21421181, 2014, 'S1', 'AJNC'),
(21422055, 2014, 'S1', 'AJ'),
(21421378, 2014, 'S1', 'AJ'),
(21421725, 2014, 'S1', 'VAL'),
(21424403, 2014, 'S1', 'VAL'),
(21421695, 2014, 'S1', 'VAL'),
(21421534, 2014, 'S1', 'AJ'),
(21420278, 2014, 'S1', 'VAL'),
(21420581, 2014, 'S1', 'VAL'),
(21422597, 2014, 'S1', 'AJ'),
(21420675, 2014, 'S1', 'VAL'),
(21424049, 2014, 'S1', 'VAL'),
(21320116, 2014, 'S1', 'VAL'),
(21424746, 2014, 'S1', 'AJ'),
(21427190, 2014, 'S1', 'VAL'),
(21424447, 2014, 'S1', 'AJ'),
(21422353, 2014, 'S1', 'VAL'),
(21420124, 2014, 'S1', 'VAL'),
(21420185, 2014, 'S2', 'ADM'),
(21424443, 2014, 'S2', 'ADM'),
(21422542, 2014, 'S2', 'ADM'),
(21421921, 2014, 'S2', 'ADM'),
(21421835, 2014, 'S2', 'ADM'),
(21421723, 2014, 'S2', 'VPC/V'),
(21420755, 2014, 'S2', 'ADM'),
(21423688, 2014, 'S2', 'ADM'),
(21422499, 2014, 'S2', 'ADM'),
(21420747, 2014, 'S2', 'ADM'),
(21422723, 2014, 'S2', 'ADM'),
(21420556, 2014, 'S2', 'ADM'),
(21421824, 2014, 'S2', 'ADM'),
(21422336, 2014, 'S2', 'ADM'),
(21422315, 2014, 'S2', 'ADM'),
(21424240, 2014, 'S2', 'ADM'),
(21423100, 2014, 'S2', 'AJAC'),
(21424578, 2014, 'S2', 'ADM'),
(21421735, 2014, 'S2', 'ADM'),
(21420215, 2014, 'S2', 'ADM'),
(21421222, 2014, 'S2', 'VUC/V'),
(21420239, 2014, 'S2', 'ADM'),
(21420538, 2014, 'S2', 'ADM'),
(21421543, 2014, 'S2', 'ADM'),
(21321788, 2014, 'S2', 'ADM'),
(21421177, 2014, 'S2', 'ADM'),
(21420125, 2014, 'S2', 'AJAC'),
(21422259, 2014, 'S2', 'VPC/V'),
(21422554, 2014, 'S2', 'ADM'),
(21421227, 2014, 'S2', 'ADM'),
(21424159, 2014, 'S2', 'ADM'),
(21321082, 2014, 'S2', 'ADM'),
(21320744, 2014, 'S2', 'ADM'),
(21421277, 2014, 'S2', 'ADM'),
(21423197, 2014, 'S2', 'ADM'),
(21423049, 2014, 'S2', 'ABD'),
(21424322, 2014, 'S2', 'ADM'),
(21420539, 2014, 'S2', 'ADM'),
(21424319, 2014, 'S2', 'ADM'),
(21320236, 2014, 'S2', 'ADM'),
(21321124, 2014, 'S2', 'ADM'),
(21422425, 2014, 'S2', 'ADM'),
(21424434, 2014, 'S2', 'ADM'),
(21420526, 2014, 'S2', 'ADM'),
(21420257, 2014, 'S2', 'ADM'),
(21423125, 2014, 'S2', 'ADM'),
(21420214, 2014, 'S2', 'ADM'),
(21420307, 2014, 'S2', 'ADM'),
(21420445, 2014, 'S2', 'ADM'),
(21420192, 2014, 'S2', 'ADM'),
(21420458, 2014, 'S2', 'ADM'),
(21420266, 2014, 'S2', 'ADM'),
(21423285, 2014, 'S2', 'AJ'),
(21423152, 2014, 'S2', 'ADM'),
(21420247, 2014, 'S2', 'ADM'),
(21421750, 2014, 'S2', 'ADM'),
(21424245, 2014, 'S2', 'ADM'),
(21420760, 2014, 'S2', 'ADM'),
(21420148, 2014, 'S2', 'AJAC'),
(21420334, 2014, 'S2', 'ADM'),
(21420233, 2014, 'S2', 'ADM'),
(21420425, 2014, 'S2', 'ADM'),
(21420658, 2014, 'S2', 'ADM'),
(21420636, 2014, 'S2', 'ADM'),
(21421377, 2014, 'S2', 'AJAC'),
(21420562, 2014, 'S2', 'ADM'),
(21421725, 2014, 'S2', 'ADM'),
(21424403, 2014, 'S2', 'ADM'),
(21421695, 2014, 'S2', 'ADM'),
(21421534, 2014, 'S2', 'ADM'),
(21420278, 2014, 'S2', 'VUC/V'),
(21420581, 2014, 'S2', 'ADM'),
(21420675, 2014, 'S2', 'ADM'),
(21321339, 2014, 'S2', 'ADM'),
(21424049, 2014, 'S2', 'ADM'),
(21320116, 2014, 'S2', 'ADM'),
(21424746, 2014, 'S2', 'ADM'),
(21323725, 2014, 'S2', 'ADM'),
(21427190, 2014, 'S2', 'VUC/V'),
(21422353, 2014, 'S2', 'ADM'),
(21420124, 2014, 'S2', 'ADM'),
(21320324, 2014, 'S3', 'VAL'),
(21320148, 2014, 'S3', 'VAL'),
(21320117, 2014, 'S3', 'VAL'),
(21321469, 2014, 'S3', 'VAL'),
(21321086, 2014, 'S3', 'VAL'),
(21322309, 2014, 'S3', 'VAL'),
(21320506, 2014, 'S3', 'AJNC'),
(21320710, 2014, 'S3', 'VAL'),
(21322271, 2014, 'S3', 'VAL'),
(21321097, 2014, 'S3', 'VAL'),
(21222061, 2014, 'S3', 'VAL'),
(21321788, 2014, 'S3', 'AJ'),
(21221595, 2014, 'S3', 'AJNC'),
(21320737, 2014, 'S3', 'VAL'),
(21321459, 2014, 'S3', 'VPC'),
(21322524, 2014, 'S3', 'VAL'),
(21322293, 2014, 'S3', 'VAL'),
(21320106, 2014, 'S3', 'VAL'),
(21322105, 2014, 'S3', 'VPC'),
(21320021, 2014, 'S3', 'VAL'),
(21321089, 2014, 'S3', 'VAL'),
(21320728, 2014, 'S3', 'VAL'),
(21321082, 2014, 'S3', 'AJ'),
(21320744, 2014, 'S3', 'AJ'),
(21320150, 2014, 'S3', 'VAL'),
(21220933, 2014, 'S3', 'VAL'),
(21320673, 2014, 'S3', 'VAL'),
(21320374, 2014, 'S3', 'VAL'),
(21320481, 2014, 'S3', 'VAL'),
(21321072, 2014, 'S3', 'VAL'),
(21320250, 2014, 'S3', 'VAL'),
(21320539, 2014, 'S3', 'VAL'),
(21320662, 2014, 'S3', 'VAL'),
(21320334, 2014, 'S3', 'AJNE'),
(21320601, 2014, 'S3', 'VAL'),
(21320210, 2014, 'S3', 'AJNC'),
(21320247, 2014, 'S3', 'VAL'),
(21221002, 2014, 'S3', 'AJNC'),
(21320258, 2014, 'S3', 'VAL'),
(21220769, 2014, 'S3', 'AJNC'),
(21321642, 2014, 'S3', 'VAL'),
(21322261, 2014, 'S3', 'VAL'),
(21321313, 2014, 'S3', 'AJNC'),
(21322072, 2014, 'S3', 'VAL'),
(21322467, 2014, 'S3', 'AJNC'),
(21320720, 2014, 'S3', 'VAL'),
(21320072, 2014, 'S3', 'VAL'),
(21220967, 2014, 'S3', 'AJNC'),
(21321964, 2014, 'S3', 'VAL'),
(21322032, 2014, 'S3', 'VAL'),
(21320101, 2014, 'S3', 'VAL'),
(21321464, 2014, 'S3', 'VAL'),
(21322136, 2014, 'S3', 'VAL'),
(21320206, 2014, 'S3', 'VAL'),
(21322113, 2014, 'S3', 'VAL'),
(21320126, 2014, 'S3', 'VAL'),
(21321339, 2014, 'S3', 'AJ'),
(21322095, 2014, 'S3', 'VAL'),
(21323725, 2014, 'S3', 'AJ'),
(21322078, 2014, 'S3', 'VPC'),
(21321075, 2014, 'S3', 'VAL'),
(21322103, 2014, 'S3', 'VAL'),
(21327264, 2014, 'S3', 'VAL'),
(21222318, 2014, 'S3', 'ABD'),
(21222351, 2014, 'S3', 'VAL'),
(21320010, 2014, 'S3', 'VAL'),
(21320172, 2014, 'S3', 'VAL'),
(21320324, 2014, 'Final', 'ADM'),
(21321469, 2014, 'Final', 'ADM'),
(21322309, 2014, 'Final', 'ADM'),
(21320506, 2014, 'S4', 'VAL'),
(21320506, 2014, 'Final', 'ADM'),
(21222061, 2014, 'Final', 'ADM'),
(21221595, 2014, 'Final', 'ABD'),
(21321459, 2014, 'S4', 'EXC'),
(21321459, 2014, 'Final', 'ADM'),
(21322105, 2014, 'S4', 'VAL'),
(21322105, 2014, 'Final', 'ADM'),
(21321089, 2014, 'Final', 'ADM'),
(21320150, 2014, 'Final', 'ADM'),
(21220933, 2014, 'Final', 'ADM'),
(21320250, 2014, 'Final', 'ADM'),
(21320539, 2014, 'Final', 'ADM'),
(21320334, 2014, 'S4', 'VAL'),
(21320334, 2014, 'Final', 'ADM'),
(21320210, 2014, 'S4', 'AJ'),
(21221002, 2014, 'Final', 'ADM'),
(21220769, 2014, 'S4', 'VAL'),
(21220769, 2014, 'Final', 'ADM'),
(21321642, 2014, 'Final', 'ADM'),
(21321313, 2014, 'Final', 'ADM'),
(21322467, 2014, 'S4', 'VAL'),
(21322467, 2014, 'Final', 'ADM'),
(21320720, 2014, 'Final', 'ADM'),
(21320072, 2014, 'Final', 'ADM'),
(21220967, 2014, 'S4', 'VAL'),
(21220967, 2014, 'Final', 'ADM'),
(21321964, 2014, 'Final', 'ADM'),
(21322136, 2014, 'Final', 'ADM'),
(21320206, 2014, 'Final', 'ADM'),
(21320126, 2014, 'Final', 'ADM'),
(21322078, 2014, 'S4', 'VAL'),
(21322078, 2014, 'Final', 'ADM'),
(21321075, 2014, 'Final', 'ADM'),
(21320148, 2014, 'Final', 'ADM'),
(21320117, 2014, 'Final', 'ADM'),
(21321086, 2014, 'Final', 'ADM'),
(21320710, 2014, 'Final', 'ADM'),
(21322271, 2014, 'Final', 'ADM'),
(21321097, 2014, 'Final', 'ADM'),
(21320737, 2014, 'Final', 'ADM'),
(21322524, 2014, 'Final', 'ADM'),
(21322293, 2014, 'Final', 'ADM'),
(21320106, 2014, 'Final', 'ADM'),
(21320021, 2014, 'Final', 'ADM'),
(21320728, 2014, 'Final', 'ADM'),
(21320673, 2014, 'Final', 'ADM'),
(21320374, 2014, 'Final', 'ADM'),
(21320481, 2014, 'Final', 'ADM'),
(21321072, 2014, 'Final', 'ADM'),
(21320662, 2014, 'Final', 'ADM'),
(21320601, 2014, 'Final', 'ADM'),
(21320247, 2014, 'Final', 'ADM'),
(21320258, 2014, 'Final', 'ADM'),
(21322261, 2014, 'Final', 'ADM'),
(21322072, 2014, 'Final', 'ADM'),
(21322032, 2014, 'Final', 'ADM'),
(21320101, 2014, 'Final', 'ADM'),
(21321464, 2014, 'Final', 'ADM'),
(21322113, 2014, 'Final', 'ADM'),
(21322095, 2014, 'Final', 'ADM'),
(21322103, 2014, 'Final', 'ADM'),
(21327264, 2014, 'Final', 'ADM'),
(21222351, 2014, 'Final', 'ADM'),
(21320010, 2014, 'Final', 'ADM'),
(21320172, 2014, 'Final', 'ADM');

-- --------------------------------------------------------

--
-- Structure de la table `decision`
--

CREATE TABLE IF NOT EXISTS `decision` (
  `id` varchar(255) NOT NULL,
  `label` varchar(255) NOT NULL,
  PRIMARY KEY (`id`)
) ENGINE=MyISAM DEFAULT CHARSET=utf8;

--
-- Contenu de la table `decision`
--

INSERT INTO `decision` (`id`, `label`) VALUES
('ABD', 'Abandon'),
('ACQA', 'Acquis antérieur'),
('ADM', 'Admis'),
('AJ', 'Ajourné, compensable'),
('AJAC', 'Ajourné autorisé à continuer'),
('AJMQ', 'Ajourné manque enseignement'),
('AJNC', 'Ajourné non compensable'),
('AJNE', 'Ajourné note éliminatoire'),
('EXC', 'Exclus'),
('NVAL', 'Non validé'),
('VAL', 'Validé'),
('VDS', 'Validé par délibération spéciale'),
('VPS', 'Validé par compensation'),
('VUC', 'Validé utilisé pour compenser');

-- --------------------------------------------------------

--
-- Structure de la table `mark`
--

CREATE TABLE IF NOT EXISTS `mark` (
  `year` int(4) unsigned NOT NULL,
  `student` int(8) unsigned NOT NULL,
  `module` varchar(255) NOT NULL,
  `mark` float NOT NULL,
  PRIMARY KEY (`year`,`student`,`module`),
  KEY `fk_mark_student` (`student`),
  KEY `fk_mark_module` (`module`)
) ENGINE=MyISAM DEFAULT CHARSET=utf8;

--
-- Contenu de la table `mark`
--

INSERT INTO `mark` (`year`, `student`, `module`, `mark`) VALUES
(2013, 21320236, 'MIN11100', 7),
(2013, 21320236, 'MIN11200', 4),
(2013, 21320236, 'MIN11300', 6),
(2013, 21320236, 'MIN11400', 12),
(2013, 21320236, 'MIN11500', 13),
(2013, 21320236, 'MIN11600', 13),
(2013, 21320236, 'MIN12100', 11),
(2013, 21320236, 'MIN12200', 9),
(2013, 21320236, 'MIN12300', 13),
(2013, 21320236, 'MIN12400', 11),
(2013, 21320236, 'MIN12500', 9),
(2013, 21320236, 'MIN12600', 9),
(2013, 21320236, 'MIN12700', 13),
(2013, 21320116, 'MIN11100', 9),
(2013, 21320116, 'MIN11200', 3),
(2013, 21320116, 'MIN11300', 7),
(2013, 21320116, 'MIN11400', 7),
(2013, 21320116, 'MIN11500', 11),
(2013, 21320116, 'MIN11600', 16),
(2013, 21320116, 'MIN12100', 9),
(2013, 21320116, 'MIN12200', 6),
(2013, 21320116, 'MIN12300', 12),
(2013, 21320116, 'MIN12400', 11),
(2013, 21320116, 'MIN12500', 11),
(2013, 21320116, 'MIN12600', 12),
(2013, 21320116, 'MIN12700', 13),
(2014, 21420185, 'MIN11100', 17),
(2014, 21420185, 'MIN11200', 13),
(2014, 21420185, 'MIN11300', 15),
(2014, 21420185, 'MIN11400', 14),
(2014, 21420185, 'MIN11500', 16),
(2014, 21420185, 'MIN11600', 13),
(2014, 21420185, 'MIN12100', 15),
(2014, 21420185, 'MIN12200', 13),
(2014, 21420185, 'MIN12300', 14),
(2014, 21420185, 'MIN12400', 16),
(2014, 21420185, 'MIN12500', 14),
(2014, 21420185, 'MIN12600', 15),
(2014, 21420185, 'MIN12700', 14),
(2014, 21424448, 'MIN11100', 7),
(2014, 21424448, 'MIN11200', 5),
(2014, 21424448, 'MIN11300', 8),
(2014, 21424448, 'MIN11400', 7),
(2014, 21424448, 'MIN11500', 11),
(2014, 21424448, 'MIN11600', 10),
(2014, 21424448, 'MIN12100', 3),
(2014, 21424448, 'MIN12200', 3),
(2014, 21424448, 'MIN12300', 13),
(2014, 21424448, 'MIN12400', 11),
(2014, 21424448, 'MIN12500', 9),
(2014, 21424448, 'MIN12600', 13),
(2014, 21424448, 'MIN12700', 14),
(2014, 21424443, 'MIN11100', 9),
(2014, 21424443, 'MIN11200', 8),
(2014, 21424443, 'MIN11300', 12),
(2014, 21424443, 'MIN11400', 8),
(2014, 21424443, 'MIN11500', 13),
(2014, 21424443, 'MIN11600', 10),
(2014, 21424443, 'MIN12100', 10),
(2014, 21424443, 'MIN12200', 9),
(2014, 21424443, 'MIN12300', 12),
(2014, 21424443, 'MIN12400', 12),
(2014, 21424443, 'MIN12500', 10),
(2014, 21424443, 'MIN12600', 13),
(2014, 21424443, 'MIN12700', 16),
(2014, 21422542, 'MIN11100', 11),
(2014, 21422542, 'MIN11200', 11),
(2014, 21422542, 'MIN11300', 12),
(2014, 21422542, 'MIN11400', 9),
(2014, 21422542, 'MIN11500', 12),
(2014, 21422542, 'MIN11600', 13),
(2014, 21422542, 'MIN12100', 9),
(2014, 21422542, 'MIN12200', 12),
(2014, 21422542, 'MIN12300', 14),
(2014, 21422542, 'MIN12400', 14),
(2014, 21422542, 'MIN12500', 9),
(2014, 21422542, 'MIN12600', 12),
(2014, 21422542, 'MIN12700', 15),
(2014, 21421921, 'MIN11100', 9),
(2014, 21421921, 'MIN11200', 16),
(2014, 21421921, 'MIN11300', 11),
(2014, 21421921, 'MIN11400', 14),
(2014, 21421921, 'MIN11500', 11),
(2014, 21421921, 'MIN11600', 13),
(2014, 21421921, 'MIN12100', 12),
(2014, 21421921, 'MIN12200', 11),
(2014, 21421921, 'MIN12300', 13),
(2014, 21421921, 'MIN12400', 12),
(2014, 21421921, 'MIN12500', 12),
(2014, 21421921, 'MIN12600', 12),
(2014, 21421921, 'MIN12700', 16),
(2014, 21421835, 'MIN11100', 9),
(2014, 21421835, 'MIN11200', 12),
(2014, 21421835, 'MIN11300', 9),
(2014, 21421835, 'MIN11400', 10),
(2014, 21421835, 'MIN11500', 15),
(2014, 21421835, 'MIN11600', 12),
(2014, 21421835, 'MIN12100', 8),
(2014, 21421835, 'MIN12200', 6),
(2014, 21421835, 'MIN12300', 15),
(2014, 21421835, 'MIN12400', 13),
(2014, 21421835, 'MIN12500', 14),
(2014, 21421835, 'MIN12600', 12),
(2014, 21421835, 'MIN12700', 13),
(2014, 21421723, 'MIN11100', 8),
(2014, 21421723, 'MIN11200', 4),
(2014, 21421723, 'MIN11300', 6),
(2014, 21421723, 'MIN11400', 10),
(2014, 21421723, 'MIN11500', 11),
(2014, 21421723, 'MIN11600', 13),
(2014, 21421723, 'MIN12100', 6),
(2014, 21421723, 'MIN12200', 4),
(2014, 21421723, 'MIN12300', 13),
(2014, 21421723, 'MIN12400', 14),
(2014, 21421723, 'MIN12500', 14),
(2014, 21421723, 'MIN12600', 14),
(2014, 21421723, 'MIN12700', 14),
(2014, 21420755, 'MIN11100', 14),
(2014, 21420755, 'MIN11200', 18),
(2014, 21420755, 'MIN11300', 15),
(2014, 21420755, 'MIN11400', 14),
(2014, 21420755, 'MIN11500', 18),
(2014, 21420755, 'MIN11600', 14),
(2014, 21420755, 'MIN12100', 11),
(2014, 21420755, 'MIN12200', 12),
(2014, 21420755, 'MIN12300', 15),
(2014, 21420755, 'MIN12400', 16),
(2014, 21420755, 'MIN12500', 13),
(2014, 21420755, 'MIN12600', 16),
(2014, 21420755, 'MIN12700', 16),
(2014, 21420165, 'MIN11100', 9),
(2014, 21420165, 'MIN11200', 3),
(2014, 21420165, 'MIN11300', 6),
(2014, 21420165, 'MIN11400', 9),
(2014, 21420165, 'MIN11500', 11),
(2014, 21420165, 'MIN11600', 12),
(2014, 21420165, 'MIN12100', 12),
(2014, 21420165, 'MIN12200', 3),
(2014, 21420165, 'MIN12300', 9),
(2014, 21420165, 'MIN12400', 10),
(2014, 21420165, 'MIN12500', 8),
(2014, 21420165, 'MIN12600', 4),
(2014, 21420165, 'MIN12700', 14),
(2014, 21423688, 'MIN11100', 10),
(2014, 21423688, 'MIN11200', 11),
(2014, 21423688, 'MIN11300', 12),
(2014, 21423688, 'MIN11400', 12),
(2014, 21423688, 'MIN11500', 16),
(2014, 21423688, 'MIN11600', 11),
(2014, 21423688, 'MIN12100', 17),
(2014, 21423688, 'MIN12200', 14),
(2014, 21423688, 'MIN12300', 17),
(2014, 21423688, 'MIN12400', 14),
(2014, 21423688, 'MIN12500', 11),
(2014, 21423688, 'MIN12600', 8),
(2014, 21423688, 'MIN12700', 13),
(2014, 21422499, 'MIN11100', 11),
(2014, 21422499, 'MIN11200', 11),
(2014, 21422499, 'MIN11300', 10),
(2014, 21422499, 'MIN11400', 11),
(2014, 21422499, 'MIN11500', 14),
(2014, 21422499, 'MIN11600', 13),
(2014, 21422499, 'MIN12100', 10),
(2014, 21422499, 'MIN12200', 10),
(2014, 21422499, 'MIN12300', 10),
(2014, 21422499, 'MIN12400', 14),
(2014, 21422499, 'MIN12500', 13),
(2014, 21422499, 'MIN12600', 11),
(2014, 21422499, 'MIN12700', 13),
(2014, 21420747, 'MIN11100', 13),
(2014, 21420747, 'MIN11200', 17),
(2014, 21420747, 'MIN11300', 15),
(2014, 21420747, 'MIN11400', 13),
(2014, 21420747, 'MIN11500', 15),
(2014, 21420747, 'MIN11600', 15),
(2014, 21420747, 'MIN12100', 14),
(2014, 21420747, 'MIN12200', 15),
(2014, 21420747, 'MIN12300', 18),
(2014, 21420747, 'MIN12400', 13),
(2014, 21420747, 'MIN12500', 16),
(2014, 21420747, 'MIN12600', 15),
(2014, 21420747, 'MIN12700', 14),
(2014, 21422723, 'MIN11100', 12),
(2014, 21422723, 'MIN11200', 10),
(2014, 21422723, 'MIN11300', 10),
(2014, 21422723, 'MIN11400', 13),
(2014, 21422723, 'MIN11500', 13),
(2014, 21422723, 'MIN11600', 11),
(2014, 21422723, 'MIN12100', 13),
(2014, 21422723, 'MIN12200', 9),
(2014, 21422723, 'MIN12300', 11),
(2014, 21422723, 'MIN12400', 12),
(2014, 21422723, 'MIN12500', 10),
(2014, 21422723, 'MIN12600', 12),
(2014, 21422723, 'MIN12700', 13),
(2014, 21420556, 'MIN11100', 15),
(2014, 21420556, 'MIN11200', 11),
(2014, 21420556, 'MIN11300', 11),
(2014, 21420556, 'MIN11400', 15),
(2014, 21420556, 'MIN11500', 15),
(2014, 21420556, 'MIN11600', 11),
(2014, 21420556, 'MIN12100', 12),
(2014, 21420556, 'MIN12200', 12),
(2014, 21420556, 'MIN12300', 12),
(2014, 21420556, 'MIN12400', 14),
(2014, 21420556, 'MIN12500', 11),
(2014, 21420556, 'MIN12600', 12),
(2014, 21420556, 'MIN12700', 14),
(2014, 21421824, 'MIN11100', 8),
(2014, 21421824, 'MIN11200', 8),
(2014, 21421824, 'MIN11300', 9),
(2014, 21421824, 'MIN11400', 10),
(2014, 21421824, 'MIN11500', 12),
(2014, 21421824, 'MIN11600', 12),
(2014, 21421824, 'MIN12100', 10),
(2014, 21421824, 'MIN12200', 16),
(2014, 21421824, 'MIN12300', 15),
(2014, 21421824, 'MIN12400', 13),
(2014, 21421824, 'MIN12500', 12),
(2014, 21421824, 'MIN12600', 14),
(2014, 21421824, 'MIN12700', 15),
(2014, 21421824, 'MIN1MSPO', 15),
(2014, 21422336, 'MIN11100', 12),
(2014, 21422336, 'MIN11200', 17),
(2014, 21422336, 'MIN11300', 12),
(2014, 21422336, 'MIN11400', 12),
(2014, 21422336, 'MIN11500', 12),
(2014, 21422336, 'MIN11600', 11),
(2014, 21422336, 'MIN12100', 13),
(2014, 21422336, 'MIN12200', 11),
(2014, 21422336, 'MIN12300', 12),
(2014, 21422336, 'MIN12400', 13),
(2014, 21422336, 'MIN12500', 11),
(2014, 21422336, 'MIN12600', 13),
(2014, 21422336, 'MIN12700', 14),
(2014, 21422336, 'MIN1MSPO', 12),
(2014, 21422315, 'MIN11100', 10),
(2014, 21422315, 'MIN11200', 11),
(2014, 21422315, 'MIN11300', 9),
(2014, 21422315, 'MIN11400', 9),
(2014, 21422315, 'MIN11500', 13),
(2014, 21422315, 'MIN11600', 12),
(2014, 21422315, 'MIN12100', 10),
(2014, 21422315, 'MIN12200', 12),
(2014, 21422315, 'MIN12300', 16),
(2014, 21422315, 'MIN12400', 14),
(2014, 21422315, 'MIN12500', 12),
(2014, 21422315, 'MIN12600', 14),
(2014, 21422315, 'MIN12700', 13),
(2014, 21424240, 'MIN11100', 7),
(2014, 21424240, 'MIN11200', 12),
(2014, 21424240, 'MIN11300', 12),
(2014, 21424240, 'MIN11400', 11),
(2014, 21424240, 'MIN11500', 13),
(2014, 21424240, 'MIN11600', 13),
(2014, 21424240, 'MIN12100', 8),
(2014, 21424240, 'MIN12200', 8),
(2014, 21424240, 'MIN12300', 16),
(2014, 21424240, 'MIN12400', 15),
(2014, 21424240, 'MIN12500', 12),
(2014, 21424240, 'MIN12600', 9),
(2014, 21424240, 'MIN12700', 15),
(2014, 21424240, 'MIN1MSPO', 16),
(2014, 21423100, 'MIN11100', 9),
(2014, 21423100, 'MIN11200', 7),
(2014, 21423100, 'MIN11300', 7),
(2014, 21423100, 'MIN11400', 9),
(2014, 21423100, 'MIN11500', 11),
(2014, 21423100, 'MIN11600', 9),
(2014, 21423100, 'MIN12100', 11),
(2014, 21423100, 'MIN12200', 6),
(2014, 21423100, 'MIN12300', 14),
(2014, 21423100, 'MIN12400', 14),
(2014, 21423100, 'MIN12500', 10),
(2014, 21423100, 'MIN12600', 10),
(2014, 21423100, 'MIN12700', 12),
(2014, 21424578, 'MIN11100', 10),
(2014, 21424578, 'MIN11200', 8),
(2014, 21424578, 'MIN11300', 8),
(2014, 21424578, 'MIN11400', 10),
(2014, 21424578, 'MIN11500', 11),
(2014, 21424578, 'MIN11600', 12),
(2014, 21424578, 'MIN12100', 9),
(2014, 21424578, 'MIN12200', 8),
(2014, 21424578, 'MIN12300', 13),
(2014, 21424578, 'MIN12400', 13),
(2014, 21424578, 'MIN12500', 10),
(2014, 21424578, 'MIN12600', 10),
(2014, 21424578, 'MIN12700', 13),
(2014, 21421735, 'MIN11100', 10),
(2014, 21421735, 'MIN11200', 13),
(2014, 21421735, 'MIN11300', 10),
(2014, 21421735, 'MIN11400', 13),
(2014, 21421735, 'MIN11500', 14),
(2014, 21421735, 'MIN11600', 15),
(2014, 21421735, 'MIN12100', 9),
(2014, 21421735, 'MIN12200', 11),
(2014, 21421735, 'MIN12300', 19),
(2014, 21421735, 'MIN12400', 19),
(2014, 21421735, 'MIN12500', 15),
(2014, 21421735, 'MIN12600', 11),
(2014, 21421735, 'MIN12700', 15),
(2014, 21421735, 'MIN1MSPO', 14),
(2014, 21420215, 'MIN11100', 16),
(2014, 21420215, 'MIN11200', 20),
(2014, 21420215, 'MIN11300', 16),
(2014, 21420215, 'MIN11400', 14),
(2014, 21420215, 'MIN11500', 15),
(2014, 21420215, 'MIN11600', 11),
(2014, 21420215, 'MIN12100', 20),
(2014, 21420215, 'MIN12200', 17),
(2014, 21420215, 'MIN12300', 17),
(2014, 21420215, 'MIN12400', 15),
(2014, 21420215, 'MIN12500', 16),
(2014, 21420215, 'MIN12600', 16),
(2014, 21420215, 'MIN12700', 13),
(2014, 21420215, 'MIN1MSPO', 12),
(2014, 21421222, 'MIN11100', 9),
(2014, 21421222, 'MIN11200', 12),
(2014, 21421222, 'MIN11300', 14),
(2014, 21421222, 'MIN11400', 12),
(2014, 21421222, 'MIN11500', 11),
(2014, 21421222, 'MIN11600', 13),
(2014, 21421222, 'MIN12100', 14),
(2014, 21421222, 'MIN12200', 7),
(2014, 21421222, 'MIN12300', 12),
(2014, 21421222, 'MIN12400', 13),
(2014, 21421222, 'MIN12500', 8),
(2014, 21421222, 'MIN12600', 8),
(2014, 21421222, 'MIN12700', 12),
(2014, 21420239, 'MIN11100', 11),
(2014, 21420239, 'MIN11200', 18),
(2014, 21420239, 'MIN11300', 8),
(2014, 21420239, 'MIN11400', 12),
(2014, 21420239, 'MIN11500', 13),
(2014, 21420239, 'MIN11600', 13),
(2014, 21420239, 'MIN12100', 17),
(2014, 21420239, 'MIN12200', 13),
(2014, 21420239, 'MIN12300', 11),
(2014, 21420239, 'MIN12400', 13),
(2014, 21420239, 'MIN12500', 13),
(2014, 21420239, 'MIN12600', 15),
(2014, 21420239, 'MIN12700', 13),
(2014, 21420538, 'MIN11100', 14),
(2014, 21420538, 'MIN11200', 18),
(2014, 21420538, 'MIN11300', 18),
(2014, 21420538, 'MIN11400', 14),
(2014, 21420538, 'MIN11500', 16),
(2014, 21420538, 'MIN11600', 15),
(2014, 21420538, 'MIN12100', 11),
(2014, 21420538, 'MIN12200', 14),
(2014, 21420538, 'MIN12300', 17),
(2014, 21420538, 'MIN12400', 15),
(2014, 21420538, 'MIN12500', 15),
(2014, 21420538, 'MIN12600', 13),
(2014, 21420538, 'MIN12700', 15),
(2014, 21420538, 'MIN1MSPO', 14),
(2014, 21421543, 'MIN11100', 15),
(2014, 21421543, 'MIN11200', 20),
(2014, 21421543, 'MIN11300', 17),
(2014, 21421543, 'MIN11400', 15),
(2014, 21421543, 'MIN11500', 15),
(2014, 21421543, 'MIN11600', 9),
(2014, 21421543, 'MIN12100', 18),
(2014, 21421543, 'MIN12200', 19),
(2014, 21421543, 'MIN12300', 12),
(2014, 21421543, 'MIN12400', 13),
(2014, 21421543, 'MIN12500', 13),
(2014, 21421543, 'MIN12600', 13),
(2014, 21421543, 'MIN12700', 14),
(2014, 21421177, 'MIN11100', 11),
(2014, 21421177, 'MIN11200', 12),
(2014, 21421177, 'MIN11300', 7),
(2014, 21421177, 'MIN11400', 13),
(2014, 21421177, 'MIN11500', 15),
(2014, 21421177, 'MIN11600', 11),
(2014, 21421177, 'MIN12100', 8),
(2014, 21421177, 'MIN12200', 6),
(2014, 21421177, 'MIN12300', 13),
(2014, 21421177, 'MIN12400', 14),
(2014, 21421177, 'MIN12500', 10),
(2014, 21421177, 'MIN12600', 15),
(2014, 21421177, 'MIN12700', 13),
(2014, 21420125, 'MIN11100', 10),
(2014, 21420125, 'MIN11200', 7),
(2014, 21420125, 'MIN11300', 7),
(2014, 21420125, 'MIN11400', 10),
(2014, 21420125, 'MIN11500', 10),
(2014, 21420125, 'MIN11600', 12),
(2014, 21420125, 'MIN12100', 13),
(2014, 21420125, 'MIN12200', 6),
(2014, 21420125, 'MIN12300', 9),
(2014, 21420125, 'MIN12400', 11),
(2014, 21420125, 'MIN12500', 10),
(2014, 21420125, 'MIN12600', 10),
(2014, 21420125, 'MIN12700', 14),
(2014, 21420125, 'MIN1MSPO', 14),
(2014, 21422259, 'MIN11100', 11),
(2014, 21422259, 'MIN11200', 4),
(2014, 21422259, 'MIN11300', 6),
(2014, 21422259, 'MIN11400', 11),
(2014, 21422259, 'MIN11500', 12),
(2014, 21422259, 'MIN11600', 13),
(2014, 21422259, 'MIN12100', 4),
(2014, 21422259, 'MIN12200', 3),
(2014, 21422259, 'MIN12300', 11),
(2014, 21422259, 'MIN12400', 11),
(2014, 21422259, 'MIN12500', 16),
(2014, 21422259, 'MIN12600', 14),
(2014, 21422259, 'MIN12700', 17),
(2014, 21422554, 'MIN11100', 10),
(2014, 21422554, 'MIN11200', 18),
(2014, 21422554, 'MIN11300', 14),
(2014, 21422554, 'MIN11400', 12),
(2014, 21422554, 'MIN11500', 13),
(2014, 21422554, 'MIN11600', 13),
(2014, 21422554, 'MIN12100', 9),
(2014, 21422554, 'MIN12200', 11),
(2014, 21422554, 'MIN12300', 14),
(2014, 21422554, 'MIN12400', 12),
(2014, 21422554, 'MIN12500', 14),
(2014, 21422554, 'MIN12600', 13),
(2014, 21422554, 'MIN12700', 14),
(2014, 21421227, 'MIN11100', 14),
(2014, 21421227, 'MIN11200', 15),
(2014, 21421227, 'MIN11300', 11),
(2014, 21421227, 'MIN11400', 13),
(2014, 21421227, 'MIN11500', 14),
(2014, 21421227, 'MIN11600', 12),
(2014, 21421227, 'MIN12100', 14),
(2014, 21421227, 'MIN12200', 20),
(2014, 21421227, 'MIN12300', 17),
(2014, 21421227, 'MIN12400', 16),
(2014, 21421227, 'MIN12500', 14),
(2014, 21421227, 'MIN12600', 14),
(2014, 21421227, 'MIN12700', 15),
(2014, 21424159, 'MIN11100', 8),
(2014, 21424159, 'MIN11200', 4),
(2014, 21424159, 'MIN11300', 5),
(2014, 21424159, 'MIN11400', 10),
(2014, 21424159, 'MIN11500', 14),
(2014, 21424159, 'MIN11600', 13),
(2014, 21424159, 'MIN12100', 8),
(2014, 21424159, 'MIN12200', 9),
(2014, 21424159, 'MIN12300', 13),
(2014, 21424159, 'MIN12400', 16),
(2014, 21424159, 'MIN12500', 12),
(2014, 21424159, 'MIN12600', 16),
(2014, 21424159, 'MIN12700', 13),
(2014, 21421277, 'MIN11100', 12),
(2014, 21421277, 'MIN11200', 18),
(2014, 21421277, 'MIN11300', 13),
(2014, 21421277, 'MIN11400', 12),
(2014, 21421277, 'MIN11500', 16),
(2014, 21421277, 'MIN11600', 15),
(2014, 21421277, 'MIN12100', 16),
(2014, 21421277, 'MIN12200', 16),
(2014, 21421277, 'MIN12300', 16),
(2014, 21421277, 'MIN12400', 16),
(2014, 21421277, 'MIN12500', 12),
(2014, 21421277, 'MIN12600', 10),
(2014, 21421277, 'MIN12700', 15),
(2014, 21421277, 'MIN1MSPO', 13),
(2014, 21423197, 'MIN11100', 9),
(2014, 21423197, 'MIN11200', 6),
(2014, 21423197, 'MIN11300', 7),
(2014, 21423197, 'MIN11400', 8),
(2014, 21423197, 'MIN11500', 12),
(2014, 21423197, 'MIN11600', 9),
(2014, 21423197, 'MIN12100', 12),
(2014, 21423197, 'MIN12200', 13),
(2014, 21423197, 'MIN12300', 15),
(2014, 21423197, 'MIN12400', 17),
(2014, 21423197, 'MIN12500', 11),
(2014, 21423197, 'MIN12600', 13),
(2014, 21423197, 'MIN12700', 12),
(2014, 21423049, 'MIN11100', 9),
(2014, 21423049, 'MIN11200', 3),
(2014, 21423049, 'MIN11300', 5),
(2014, 21423049, 'MIN11400', 8),
(2014, 21423049, 'MIN11500', 11),
(2014, 21423049, 'MIN11600', 9),
(2014, 21423049, 'MIN12100', 4),
(2014, 21423049, 'MIN12200', 2),
(2014, 21423049, 'MIN12300', 7),
(2014, 21423049, 'MIN12400', 10),
(2014, 21423049, 'MIN12500', 13),
(2014, 21423049, 'MIN12600', 15),
(2014, 21423049, 'MIN12700', 12),
(2014, 21424322, 'MIN11100', 11),
(2014, 21424322, 'MIN11200', 10),
(2014, 21424322, 'MIN11300', 11),
(2014, 21424322, 'MIN11400', 14),
(2014, 21424322, 'MIN11500', 14),
(2014, 21424322, 'MIN11600', 15),
(2014, 21424322, 'MIN12100', 9),
(2014, 21424322, 'MIN12200', 8),
(2014, 21424322, 'MIN12300', 15),
(2014, 21424322, 'MIN12400', 17),
(2014, 21424322, 'MIN12500', 14),
(2014, 21424322, 'MIN12600', 13),
(2014, 21424322, 'MIN12700', 15),
(2014, 21420539, 'MIN11100', 12),
(2014, 21420539, 'MIN11200', 17),
(2014, 21420539, 'MIN11300', 16),
(2014, 21420539, 'MIN11400', 15),
(2014, 21420539, 'MIN11500', 17),
(2014, 21420539, 'MIN11600', 14),
(2014, 21420539, 'MIN12100', 15),
(2014, 21420539, 'MIN12200', 13),
(2014, 21420539, 'MIN12300', 14),
(2014, 21420539, 'MIN12400', 15),
(2014, 21420539, 'MIN12500', 13),
(2014, 21420539, 'MIN12600', 12),
(2014, 21420539, 'MIN12700', 15),
(2014, 21424319, 'MIN11100', 8),
(2014, 21424319, 'MIN11200', 7),
(2014, 21424319, 'MIN11300', 7),
(2014, 21424319, 'MIN11400', 12),
(2014, 21424319, 'MIN11500', 12),
(2014, 21424319, 'MIN11600', 15),
(2014, 21424319, 'MIN12100', 13),
(2014, 21424319, 'MIN12200', 10),
(2014, 21424319, 'MIN12300', 6),
(2014, 21424319, 'MIN12400', 9),
(2014, 21424319, 'MIN12500', 9),
(2014, 21424319, 'MIN12600', 9),
(2014, 21424319, 'MIN12700', 14),
(2014, 21321124, 'MIN11100', 7),
(2014, 21321124, 'MIN11200', 12),
(2014, 21321124, 'MIN11300', 11),
(2014, 21321124, 'MIN11400', 12),
(2014, 21321124, 'MIN11500', 14),
(2014, 21321124, 'MIN11600', 12),
(2014, 21321124, 'MIN12100', 10),
(2014, 21321124, 'MIN12200', 5),
(2014, 21321124, 'MIN12300', 13),
(2014, 21321124, 'MIN12400', 16),
(2014, 21321124, 'MIN12500', 12),
(2014, 21321124, 'MIN12600', 10),
(2014, 21321124, 'MIN12700', 12),
(2014, 21422425, 'MIN11100', 11),
(2014, 21422425, 'MIN11200', 14),
(2014, 21422425, 'MIN11300', 15),
(2014, 21422425, 'MIN11400', 14),
(2014, 21422425, 'MIN11500', 16),
(2014, 21422425, 'MIN11600', 14),
(2014, 21422425, 'MIN12100', 10),
(2014, 21422425, 'MIN12200', 12),
(2014, 21422425, 'MIN12300', 10),
(2014, 21422425, 'MIN12400', 11),
(2014, 21422425, 'MIN12500', 11),
(2014, 21422425, 'MIN12600', 14),
(2014, 21422425, 'MIN12700', 14),
(2014, 21424434, 'MIN11100', 14),
(2014, 21424434, 'MIN11200', 13),
(2014, 21424434, 'MIN11300', 11),
(2014, 21424434, 'MIN11400', 11),
(2014, 21424434, 'MIN11500', 15),
(2014, 21424434, 'MIN11600', 9),
(2014, 21424434, 'MIN12100', 15),
(2014, 21424434, 'MIN12200', 14),
(2014, 21424434, 'MIN12300', 14),
(2014, 21424434, 'MIN12400', 14),
(2014, 21424434, 'MIN12500', 12),
(2014, 21424434, 'MIN12600', 13),
(2014, 21424434, 'MIN12700', 16),
(2014, 21420526, 'MIN11100', 20),
(2014, 21420526, 'MIN11200', 11),
(2014, 21420526, 'MIN11300', 8),
(2014, 21420526, 'MIN11400', 12),
(2014, 21420526, 'MIN11500', 17),
(2014, 21420526, 'MIN11600', 14),
(2014, 21420526, 'MIN12100', 11),
(2014, 21420526, 'MIN12200', 8),
(2014, 21420526, 'MIN12300', 11),
(2014, 21420526, 'MIN12400', 14),
(2014, 21420526, 'MIN12500', 14),
(2014, 21420526, 'MIN12600', 15),
(2014, 21420526, 'MIN12700', 15),
(2014, 21420257, 'MIN11100', 8),
(2014, 21420257, 'MIN11200', 12),
(2014, 21420257, 'MIN11300', 8),
(2014, 21420257, 'MIN11400', 11),
(2014, 21420257, 'MIN11500', 14),
(2014, 21420257, 'MIN11600', 14),
(2014, 21420257, 'MIN12100', 7),
(2014, 21420257, 'MIN12200', 5),
(2014, 21420257, 'MIN12300', 15),
(2014, 21420257, 'MIN12400', 15),
(2014, 21420257, 'MIN12500', 13),
(2014, 21420257, 'MIN12600', 13),
(2014, 21420257, 'MIN12700', 12),
(2014, 21423125, 'MIN11100', 10),
(2014, 21423125, 'MIN11200', 11),
(2014, 21423125, 'MIN11300', 7),
(2014, 21423125, 'MIN11400', 11),
(2014, 21423125, 'MIN11500', 14),
(2014, 21423125, 'MIN11600', 15),
(2014, 21423125, 'MIN12100', 7),
(2014, 21423125, 'MIN12200', 8),
(2014, 21423125, 'MIN12300', 9),
(2014, 21423125, 'MIN12400', 9),
(2014, 21423125, 'MIN12500', 10),
(2014, 21423125, 'MIN12600', 11),
(2014, 21423125, 'MIN12700', 15),
(2014, 21420214, 'MIN11100', 15),
(2014, 21420214, 'MIN11200', 19),
(2014, 21420214, 'MIN11300', 15),
(2014, 21420214, 'MIN11400', 16),
(2014, 21420214, 'MIN11500', 17),
(2014, 21420214, 'MIN11600', 15),
(2014, 21420214, 'MIN12100', 15),
(2014, 21420214, 'MIN12200', 14),
(2014, 21420214, 'MIN12300', 15),
(2014, 21420214, 'MIN12400', 11),
(2014, 21420214, 'MIN12500', 10),
(2014, 21420214, 'MIN12600', 12),
(2014, 21420214, 'MIN12700', 17),
(2014, 21420307, 'MIN11100', 13),
(2014, 21420307, 'MIN11200', 11),
(2014, 21420307, 'MIN11300', 11),
(2014, 21420307, 'MIN11400', 12),
(2014, 21420307, 'MIN11500', 14),
(2014, 21420307, 'MIN11600', 15),
(2014, 21420307, 'MIN12100', 8),
(2014, 21420307, 'MIN12200', 10),
(2014, 21420307, 'MIN12300', 15),
(2014, 21420307, 'MIN12400', 14),
(2014, 21420307, 'MIN12500', 10),
(2014, 21420307, 'MIN12600', 9),
(2014, 21420307, 'MIN12700', 15),
(2014, 21420307, 'MIN1MSPO', 15),
(2014, 21420445, 'MIN11100', 14),
(2014, 21420445, 'MIN11200', 20),
(2014, 21420445, 'MIN11300', 19),
(2014, 21420445, 'MIN11400', 17),
(2014, 21420445, 'MIN11500', 16),
(2014, 21420445, 'MIN11600', 12),
(2014, 21420445, 'MIN12100', 18),
(2014, 21420445, 'MIN12200', 19),
(2014, 21420445, 'MIN12300', 19),
(2014, 21420445, 'MIN12400', 19),
(2014, 21420445, 'MIN12500', 17),
(2014, 21420445, 'MIN12600', 14),
(2014, 21420445, 'MIN12700', 16),
(2014, 21425845, 'MIN11100', 9),
(2014, 21425845, 'MIN11200', 3),
(2014, 21425845, 'MIN11300', 7),
(2014, 21425845, 'MIN11400', 11),
(2014, 21425845, 'MIN11500', 12),
(2014, 21425845, 'MIN11600', 11),
(2014, 21425845, 'MIN12100', 12),
(2014, 21425845, 'MIN12200', 3),
(2014, 21425845, 'MIN12300', 13),
(2014, 21425845, 'MIN12400', 12),
(2014, 21425845, 'MIN12500', 11),
(2014, 21425845, 'MIN12600', 8),
(2014, 21425845, 'MIN12700', 13),
(2014, 21425845, 'MIN1MSPO', 13),
(2014, 21420192, 'MIN11100', 10),
(2014, 21420192, 'MIN11200', 11),
(2014, 21420192, 'MIN11300', 10),
(2014, 21420192, 'MIN11400', 11),
(2014, 21420192, 'MIN11500', 13),
(2014, 21420192, 'MIN11600', 13),
(2014, 21420192, 'MIN12100', 9),
(2014, 21420192, 'MIN12200', 14),
(2014, 21420192, 'MIN12300', 12),
(2014, 21420192, 'MIN12400', 17),
(2014, 21420192, 'MIN12500', 13),
(2014, 21420192, 'MIN12600', 12),
(2014, 21420192, 'MIN12700', 15),
(2014, 21420458, 'MIN11100', 9),
(2014, 21420458, 'MIN11200', 10),
(2014, 21420458, 'MIN11300', 6),
(2014, 21420458, 'MIN11400', 11),
(2014, 21420458, 'MIN11500', 11),
(2014, 21420458, 'MIN11600', 12),
(2014, 21420458, 'MIN12100', 14),
(2014, 21420458, 'MIN12200', 9),
(2014, 21420458, 'MIN12300', 14),
(2014, 21420458, 'MIN12400', 13),
(2014, 21420458, 'MIN12500', 14),
(2014, 21420458, 'MIN12600', 10),
(2014, 21420458, 'MIN12700', 13),
(2014, 21420266, 'MIN11100', 8),
(2014, 21420266, 'MIN11200', 10),
(2014, 21420266, 'MIN11300', 9),
(2014, 21420266, 'MIN11400', 10),
(2014, 21420266, 'MIN11500', 15),
(2014, 21420266, 'MIN11600', 15),
(2014, 21420266, 'MIN12100', 11),
(2014, 21420266, 'MIN12200', 7),
(2014, 21420266, 'MIN12300', 15),
(2014, 21420266, 'MIN12400', 12),
(2014, 21420266, 'MIN12500', 12),
(2014, 21420266, 'MIN12600', 9),
(2014, 21420266, 'MIN12700', 14),
(2014, 21420266, 'MIN1MSPO', 15),
(2014, 21423285, 'MIN11100', 5),
(2014, 21423285, 'MIN11200', 3),
(2014, 21423285, 'MIN11300', 5),
(2014, 21423285, 'MIN11400', 11),
(2014, 21423285, 'MIN11500', 10),
(2014, 21423285, 'MIN11600', 13),
(2014, 21423285, 'MIN12100', 7),
(2014, 21423285, 'MIN12200', 4),
(2014, 21423285, 'MIN12300', 7),
(2014, 21423285, 'MIN12400', 12),
(2014, 21423285, 'MIN12500', 8),
(2014, 21423285, 'MIN12600', 8),
(2014, 21423285, 'MIN12700', 14),
(2014, 21423152, 'MIN11100', 11),
(2014, 21423152, 'MIN11200', 16),
(2014, 21423152, 'MIN11300', 14),
(2014, 21423152, 'MIN11400', 11),
(2014, 21423152, 'MIN11500', 14),
(2014, 21423152, 'MIN11600', 13),
(2014, 21423152, 'MIN12100', 9),
(2014, 21423152, 'MIN12200', 9),
(2014, 21423152, 'MIN12300', 13),
(2014, 21423152, 'MIN12400', 12),
(2014, 21423152, 'MIN12500', 12),
(2014, 21423152, 'MIN12600', 14),
(2014, 21423152, 'MIN12700', 17),
(2014, 21420362, 'MIN11100', 9),
(2014, 21420362, 'MIN11200', 4),
(2014, 21420362, 'MIN11300', 5),
(2014, 21420362, 'MIN11400', 9),
(2014, 21420362, 'MIN11500', 13),
(2014, 21420362, 'MIN11600', 13),
(2014, 21420362, 'MIN12100', 5),
(2014, 21420362, 'MIN12200', 2),
(2014, 21420362, 'MIN12300', 14),
(2014, 21420362, 'MIN12400', 14),
(2014, 21420362, 'MIN12500', 12),
(2014, 21420362, 'MIN12600', 13),
(2014, 21420362, 'MIN12700', 15),
(2014, 21420247, 'MIN11100', 7),
(2014, 21420247, 'MIN11200', 5),
(2014, 21420247, 'MIN11300', 7),
(2014, 21420247, 'MIN11400', 10),
(2014, 21420247, 'MIN11500', 13),
(2014, 21420247, 'MIN11600', 15),
(2014, 21420247, 'MIN12100', 10),
(2014, 21420247, 'MIN12200', 8),
(2014, 21420247, 'MIN12300', 18),
(2014, 21420247, 'MIN12400', 16),
(2014, 21420247, 'MIN12500', 11),
(2014, 21420247, 'MIN12600', 14),
(2014, 21420247, 'MIN12700', 15),
(2014, 21420247, 'MIN1MSPO', 14),
(2014, 21421750, 'MIN11100', 11),
(2014, 21421750, 'MIN11200', 17),
(2014, 21421750, 'MIN11300', 12),
(2014, 21421750, 'MIN11400', 11),
(2014, 21421750, 'MIN11500', 12),
(2014, 21421750, 'MIN11600', 11),
(2014, 21421750, 'MIN12100', 14),
(2014, 21421750, 'MIN12200', 12),
(2014, 21421750, 'MIN12300', 16),
(2014, 21421750, 'MIN12400', 14),
(2014, 21421750, 'MIN12500', 11),
(2014, 21421750, 'MIN12600', 10),
(2014, 21421750, 'MIN12700', 12),
(2014, 21421750, 'MIN1MSPO', 12),
(2014, 21424245, 'MIN11100', 14),
(2014, 21424245, 'MIN11200', 12),
(2014, 21424245, 'MIN11300', 10),
(2014, 21424245, 'MIN11400', 9),
(2014, 21424245, 'MIN11500', 13),
(2014, 21424245, 'MIN11600', 14),
(2014, 21424245, 'MIN12100', 9),
(2014, 21424245, 'MIN12200', 10),
(2014, 21424245, 'MIN12300', 9),
(2014, 21424245, 'MIN12400', 13),
(2014, 21424245, 'MIN12500', 11),
(2014, 21424245, 'MIN12600', 13),
(2014, 21424245, 'MIN12700', 16),
(2014, 21420760, 'MIN11100', 9),
(2014, 21420760, 'MIN11200', 10),
(2014, 21420760, 'MIN11300', 7),
(2014, 21420760, 'MIN11400', 10),
(2014, 21420760, 'MIN11500', 12),
(2014, 21420760, 'MIN11600', 12),
(2014, 21420760, 'MIN12100', 11),
(2014, 21420760, 'MIN12200', 14),
(2014, 21420760, 'MIN12300', 9),
(2014, 21420760, 'MIN12400', 10),
(2014, 21420760, 'MIN12500', 11),
(2014, 21420760, 'MIN12600', 11),
(2014, 21420760, 'MIN12700', 13),
(2014, 21420148, 'MIN11100', 6),
(2014, 21420148, 'MIN11200', 15),
(2014, 21420148, 'MIN11300', 11),
(2014, 21420148, 'MIN11400', 10),
(2014, 21420148, 'MIN11500', 13),
(2014, 21420148, 'MIN11600', 13),
(2014, 21420148, 'MIN12100', 8),
(2014, 21420148, 'MIN12200', 9),
(2014, 21420148, 'MIN12300', 15),
(2014, 21420148, 'MIN12400', 14),
(2014, 21420148, 'MIN12500', 11),
(2014, 21420148, 'MIN12600', 13),
(2014, 21420148, 'MIN12700', 15),
(2014, 21420148, 'MIN1MSPO', 13),
(2014, 21420334, 'MIN11100', 10),
(2014, 21420334, 'MIN11200', 15),
(2014, 21420334, 'MIN11300', 11),
(2014, 21420334, 'MIN11400', 11),
(2014, 21420334, 'MIN11500', 16),
(2014, 21420334, 'MIN11600', 12),
(2014, 21420334, 'MIN12100', 14),
(2014, 21420334, 'MIN12200', 13),
(2014, 21420334, 'MIN12300', 17),
(2014, 21420334, 'MIN12400', 15),
(2014, 21420334, 'MIN12500', 13),
(2014, 21420334, 'MIN12600', 16),
(2014, 21420334, 'MIN12700', 12),
(2014, 21420233, 'MIN11100', 13),
(2014, 21420233, 'MIN11200', 11),
(2014, 21420233, 'MIN11300', 7),
(2014, 21420233, 'MIN11400', 10),
(2014, 21420233, 'MIN11500', 16),
(2014, 21420233, 'MIN11600', 12),
(2014, 21420233, 'MIN12100', 8),
(2014, 21420233, 'MIN12200', 15),
(2014, 21420233, 'MIN12300', 14),
(2014, 21420233, 'MIN12400', 12),
(2014, 21420233, 'MIN12500', 14),
(2014, 21420233, 'MIN12600', 11),
(2014, 21420233, 'MIN12700', 14),
(2014, 21420425, 'MIN11100', 10),
(2014, 21420425, 'MIN11200', 17),
(2014, 21420425, 'MIN11300', 9),
(2014, 21420425, 'MIN11400', 10),
(2014, 21420425, 'MIN11500', 14),
(2014, 21420425, 'MIN11600', 15),
(2014, 21420425, 'MIN12100', 11),
(2014, 21420425, 'MIN12200', 7),
(2014, 21420425, 'MIN12300', 15),
(2014, 21420425, 'MIN12400', 12),
(2014, 21420425, 'MIN12500', 11),
(2014, 21420425, 'MIN12600', 12),
(2014, 21420425, 'MIN12700', 14),
(2014, 21420425, 'MIN1MSPO', 14),
(2014, 21420658, 'MIN11100', 11),
(2014, 21420658, 'MIN11200', 16),
(2014, 21420658, 'MIN11300', 8),
(2014, 21420658, 'MIN11400', 10),
(2014, 21420658, 'MIN11500', 12),
(2014, 21420658, 'MIN11600', 14),
(2014, 21420658, 'MIN12100', 11),
(2014, 21420658, 'MIN12200', 15),
(2014, 21420658, 'MIN12300', 11),
(2014, 21420658, 'MIN12400', 9),
(2014, 21420658, 'MIN12500', 12),
(2014, 21420658, 'MIN12600', 12),
(2014, 21420658, 'MIN12700', 15),
(2014, 21420636, 'MIN11100', 11),
(2014, 21420636, 'MIN11200', 19),
(2014, 21420636, 'MIN11300', 10),
(2014, 21420636, 'MIN11400', 10),
(2014, 21420636, 'MIN11500', 14),
(2014, 21420636, 'MIN11600', 14),
(2014, 21420636, 'MIN12100', 13),
(2014, 21420636, 'MIN12200', 19),
(2014, 21420636, 'MIN12300', 14),
(2014, 21420636, 'MIN12400', 10),
(2014, 21420636, 'MIN12500', 12),
(2014, 21420636, 'MIN12600', 14),
(2014, 21420636, 'MIN12700', 17),
(2014, 21421377, 'MIN11100', 8),
(2014, 21421377, 'MIN11200', 9),
(2014, 21421377, 'MIN11300', 8),
(2014, 21421377, 'MIN11400', 11),
(2014, 21421377, 'MIN11500', 11),
(2014, 21421377, 'MIN11600', 14),
(2014, 21421377, 'MIN12100', 8),
(2014, 21421377, 'MIN12200', 10),
(2014, 21421377, 'MIN12300', 10),
(2014, 21421377, 'MIN12400', 10),
(2014, 21421377, 'MIN12500', 11),
(2014, 21421377, 'MIN12600', 9),
(2014, 21421377, 'MIN12700', 15),
(2014, 21421377, 'MIN1MSPO', 13),
(2014, 21420562, 'MIN11100', 16),
(2014, 21420562, 'MIN11200', 17),
(2014, 21420562, 'MIN11300', 16),
(2014, 21420562, 'MIN11400', 15),
(2014, 21420562, 'MIN11500', 14),
(2014, 21420562, 'MIN11600', 12),
(2014, 21420562, 'MIN12100', 16),
(2014, 21420562, 'MIN12200', 18),
(2014, 21420562, 'MIN12300', 17),
(2014, 21420562, 'MIN12400', 16),
(2014, 21420562, 'MIN12500', 11),
(2014, 21420562, 'MIN12600', 14),
(2014, 21420562, 'MIN12700', 13),
(2014, 21421181, 'MIN11100', 5),
(2014, 21421181, 'MIN11200', 0),
(2014, 21421181, 'MIN11300', 1),
(2014, 21421181, 'MIN11400', 6),
(2014, 21421181, 'MIN11500', 15),
(2014, 21421181, 'MIN11600', 0),
(2014, 21421181, 'MIN12100', 3),
(2014, 21421181, 'MIN12200', 3),
(2014, 21421181, 'MIN12300', 3),
(2014, 21421181, 'MIN12400', 0),
(2014, 21421181, 'MIN12500', 4),
(2014, 21421181, 'MIN12600', 8),
(2014, 21421181, 'MIN12700', 0),
(2014, 21422055, 'MIN11100', 12),
(2014, 21422055, 'MIN11200', 5),
(2014, 21422055, 'MIN11300', 4),
(2014, 21422055, 'MIN11400', 10),
(2014, 21422055, 'MIN11500', 9),
(2014, 21422055, 'MIN11600', 16),
(2014, 21422055, 'MIN12100', 10),
(2014, 21422055, 'MIN12200', 4),
(2014, 21422055, 'MIN12300', 9),
(2014, 21422055, 'MIN12400', 9),
(2014, 21422055, 'MIN12500', 11),
(2014, 21422055, 'MIN12600', 11),
(2014, 21422055, 'MIN12700', 14),
(2014, 21422055, 'MIN1MSPO', 11),
(2014, 21421378, 'MIN11100', 9),
(2014, 21421378, 'MIN11200', 8),
(2014, 21421378, 'MIN11300', 5),
(2014, 21421378, 'MIN11400', 10),
(2014, 21421378, 'MIN11500', 10),
(2014, 21421378, 'MIN11600', 8),
(2014, 21421378, 'MIN12100', 6),
(2014, 21421378, 'MIN12200', 8),
(2014, 21421378, 'MIN12300', 10),
(2014, 21421378, 'MIN12400', 12),
(2014, 21421378, 'MIN12500', 6),
(2014, 21421378, 'MIN12600', 7),
(2014, 21421378, 'MIN12700', 13),
(2014, 21421378, 'MIN1MSPO', 12),
(2014, 21421725, 'MIN11100', 11),
(2014, 21421725, 'MIN11200', 13),
(2014, 21421725, 'MIN11300', 10),
(2014, 21421725, 'MIN11400', 11),
(2014, 21421725, 'MIN11500', 12),
(2014, 21421725, 'MIN11600', 16),
(2014, 21421725, 'MIN12100', 10),
(2014, 21421725, 'MIN12200', 8),
(2014, 21421725, 'MIN12300', 12),
(2014, 21421725, 'MIN12400', 13),
(2014, 21421725, 'MIN12500', 7),
(2014, 21421725, 'MIN12600', 8),
(2014, 21421725, 'MIN12700', 14),
(2014, 21424403, 'MIN11100', 8),
(2014, 21424403, 'MIN11200', 9),
(2014, 21424403, 'MIN11300', 6),
(2014, 21424403, 'MIN11400', 10),
(2014, 21424403, 'MIN11500', 12),
(2014, 21424403, 'MIN11600', 13),
(2014, 21424403, 'MIN12100', 10),
(2014, 21424403, 'MIN12200', 8),
(2014, 21424403, 'MIN12300', 16),
(2014, 21424403, 'MIN12400', 15),
(2014, 21424403, 'MIN12500', 12),
(2014, 21424403, 'MIN12600', 14),
(2014, 21424403, 'MIN12700', 15),
(2014, 21421695, 'MIN11100', 12),
(2014, 21421695, 'MIN11200', 14),
(2014, 21421695, 'MIN11300', 12),
(2014, 21421695, 'MIN11400', 13),
(2014, 21421695, 'MIN11500', 14),
(2014, 21421695, 'MIN11600', 12),
(2014, 21421695, 'MIN12100', 11),
(2014, 21421695, 'MIN12200', 13),
(2014, 21421695, 'MIN12300', 18),
(2014, 21421695, 'MIN12400', 16),
(2014, 21421695, 'MIN12500', 12),
(2014, 21421695, 'MIN12600', 11),
(2014, 21421695, 'MIN12700', 12),
(2014, 21421534, 'MIN11100', 9),
(2014, 21421534, 'MIN11200', 10),
(2014, 21421534, 'MIN11300', 7),
(2014, 21421534, 'MIN11400', 8),
(2014, 21421534, 'MIN11500', 10),
(2014, 21421534, 'MIN11600', 14),
(2014, 21421534, 'MIN12100', 5),
(2014, 21421534, 'MIN12200', 6),
(2014, 21421534, 'MIN12300', 15),
(2014, 21421534, 'MIN12400', 10),
(2014, 21421534, 'MIN12500', 8),
(2014, 21421534, 'MIN12600', 9),
(2014, 21421534, 'MIN12700', 15),
(2014, 21420278, 'MIN11100', 9),
(2014, 21420278, 'MIN11200', 6),
(2014, 21420278, 'MIN11300', 6),
(2014, 21420278, 'MIN11400', 10),
(2014, 21420278, 'MIN11500', 13),
(2014, 21420278, 'MIN11600', 13),
(2014, 21420278, 'MIN12100', 12),
(2014, 21420278, 'MIN12200', 6),
(2014, 21420278, 'MIN12300', 16),
(2014, 21420278, 'MIN12400', 15),
(2014, 21420278, 'MIN12500', 10),
(2014, 21420278, 'MIN12600', 8),
(2014, 21420278, 'MIN12700', 17),
(2014, 21420581, 'MIN11100', 12),
(2014, 21420581, 'MIN11200', 15),
(2014, 21420581, 'MIN11300', 13),
(2014, 21420581, 'MIN11400', 12),
(2014, 21420581, 'MIN11500', 13),
(2014, 21420581, 'MIN11600', 16),
(2014, 21420581, 'MIN12100', 16),
(2014, 21420581, 'MIN12200', 13),
(2014, 21420581, 'MIN12300', 10),
(2014, 21420581, 'MIN12400', 13),
(2014, 21420581, 'MIN12500', 14),
(2014, 21420581, 'MIN12600', 10),
(2014, 21420581, 'MIN12700', 15),
(2014, 21422597, 'MIN11100', 9),
(2014, 21422597, 'MIN11200', 5),
(2014, 21422597, 'MIN11300', 7),
(2014, 21422597, 'MIN11400', 12),
(2014, 21422597, 'MIN11500', 12),
(2014, 21422597, 'MIN11600', 14),
(2014, 21422597, 'MIN12100', 7),
(2014, 21422597, 'MIN12200', 2),
(2014, 21422597, 'MIN12300', 10),
(2014, 21422597, 'MIN12400', 9),
(2014, 21422597, 'MIN12500', 7),
(2014, 21422597, 'MIN12600', 11),
(2014, 21422597, 'MIN12700', 16),
(2014, 21420675, 'MIN11100', 12),
(2014, 21420675, 'MIN11200', 16),
(2014, 21420675, 'MIN11300', 9),
(2014, 21420675, 'MIN11400', 12),
(2014, 21420675, 'MIN11500', 14),
(2014, 21420675, 'MIN11600', 12),
(2014, 21420675, 'MIN12100', 7),
(2014, 21420675, 'MIN12200', 10),
(2014, 21420675, 'MIN12300', 15),
(2014, 21420675, 'MIN12400', 14),
(2014, 21420675, 'MIN12500', 13),
(2014, 21420675, 'MIN12600', 12),
(2014, 21420675, 'MIN12700', 14),
(2014, 21424049, 'MIN11100', 8),
(2014, 21424049, 'MIN11200', 13),
(2014, 21424049, 'MIN11300', 10),
(2014, 21424049, 'MIN11400', 9),
(2014, 21424049, 'MIN11500', 11),
(2014, 21424049, 'MIN11600', 9),
(2014, 21424049, 'MIN12100', 12),
(2014, 21424049, 'MIN12200', 12),
(2014, 21424049, 'MIN12300', 13),
(2014, 21424049, 'MIN12400', 12),
(2014, 21424049, 'MIN12500', 9),
(2014, 21424049, 'MIN12600', 9),
(2014, 21424049, 'MIN12700', 14),
(2014, 21424746, 'MIN11100', 6),
(2014, 21424746, 'MIN11200', 6),
(2014, 21424746, 'MIN11300', 11),
(2014, 21424746, 'MIN11400', 10),
(2014, 21424746, 'MIN11500', 12),
(2014, 21424746, 'MIN11600', 13),
(2014, 21424746, 'MIN12100', 11),
(2014, 21424746, 'MIN12200', 4),
(2014, 21424746, 'MIN12300', 11),
(2014, 21424746, 'MIN12400', 9),
(2014, 21424746, 'MIN12500', 10),
(2014, 21424746, 'MIN12600', 9),
(2014, 21424746, 'MIN12700', 17),
(2014, 21427190, 'MIN11100', 9),
(2014, 21427190, 'MIN11200', 9),
(2014, 21427190, 'MIN11300', 13),
(2014, 21427190, 'MIN11400', 9),
(2014, 21427190, 'MIN11500', 12),
(2014, 21427190, 'MIN11600', 13),
(2014, 21427190, 'MIN12100', 10),
(2014, 21427190, 'MIN12200', 9),
(2014, 21427190, 'MIN12300', 15),
(2014, 21427190, 'MIN12400', 14),
(2014, 21427190, 'MIN12500', 12),
(2014, 21427190, 'MIN12600', 10),
(2014, 21427190, 'MIN12700', 12),
(2014, 21427190, 'MIN1MSPO', 10),
(2014, 21424447, 'MIN11100', 7),
(2014, 21424447, 'MIN11200', 9),
(2014, 21424447, 'MIN11300', 6),
(2014, 21424447, 'MIN11400', 11),
(2014, 21424447, 'MIN11500', 10),
(2014, 21424447, 'MIN11600', 14),
(2014, 21424447, 'MIN12100', 7),
(2014, 21424447, 'MIN12200', 9),
(2014, 21424447, 'MIN12300', 8),
(2014, 21424447, 'MIN12400', 11),
(2014, 21424447, 'MIN12500', 10),
(2014, 21424447, 'MIN12600', 9),
(2014, 21424447, 'MIN12700', 15),
(2014, 21422353, 'MIN11100', 11),
(2014, 21422353, 'MIN11200', 12),
(2014, 21422353, 'MIN11300', 15),
(2014, 21422353, 'MIN11400', 11),
(2014, 21422353, 'MIN11500', 13),
(2014, 21422353, 'MIN11600', 12),
(2014, 21422353, 'MIN12100', 11),
(2014, 21422353, 'MIN12200', 10),
(2014, 21422353, 'MIN12300', 16),
(2014, 21422353, 'MIN12400', 14),
(2014, 21422353, 'MIN12500', 11),
(2014, 21422353, 'MIN12600', 12),
(2014, 21422353, 'MIN12700', 16),
(2014, 21422353, 'MIN1MSPO', 12),
(2014, 21420124, 'MIN11100', 11),
(2014, 21420124, 'MIN11200', 13),
(2014, 21420124, 'MIN11300', 14),
(2014, 21420124, 'MIN11400', 13),
(2014, 21420124, 'MIN11500', 12),
(2014, 21420124, 'MIN11600', 14),
(2014, 21420124, 'MIN12100', 13),
(2014, 21420124, 'MIN12200', 12),
(2014, 21420124, 'MIN12300', 12),
(2014, 21420124, 'MIN12400', 17),
(2014, 21420124, 'MIN12500', 12),
(2014, 21420124, 'MIN12600', 12),
(2014, 21420124, 'MIN12700', 12),
(2014, 21420124, 'MIN1MSPO', 11),
(2014, 21320236, 'MIN21100', 9),
(2014, 21320236, 'MIN21200', 11),
(2014, 21320236, 'MIN21300', 5),
(2014, 21320236, 'MIN21400', 12),
(2014, 21320236, 'MIN21500', 6),
(2014, 21320236, 'MIN21600', 5),
(2014, 21320236, 'MIN22100', 7),
(2014, 21320236, 'MIN22200', 9),
(2014, 21320236, 'MIN22300', 16),
(2014, 21320236, 'MIN22400', 12),
(2014, 21320236, 'MIN22500', 10),
(2014, 21320236, 'MIN22600', 8),
(2014, 21320236, 'MIN22700', 12),
(2014, 21320116, 'MIN21100', 10),
(2014, 21320116, 'MIN21200', 9),
(2014, 21320116, 'MIN21300', 11),
(2014, 21320116, 'MIN21400', 7),
(2014, 21320116, 'MIN21500', 9),
(2014, 21320116, 'MIN21600', 11),
(2014, 21320116, 'MIN22100', 9),
(2014, 21320116, 'MIN22200', 8),
(2014, 21320116, 'MIN22300', 6),
(2014, 21320116, 'MIN22400', 13),
(2014, 21320116, 'MIN22500', 8),
(2014, 21320116, 'MIN22600', 9),
(2014, 21320116, 'MIN22700', 0),
(2015, 21420185, 'MIN21100', 18),
(2015, 21420185, 'MIN21200', 15),
(2015, 21420185, 'MIN21300', 16),
(2015, 21420185, 'MIN21400', 11),
(2015, 21420185, 'MIN21500', 10),
(2015, 21420185, 'MIN21600', 16),
(2015, 21420185, 'MIN22100', 19),
(2015, 21420185, 'MIN22200', 15),
(2015, 21420185, 'MIN22300', 11),
(2015, 21420185, 'MIN22400', 14),
(2015, 21420185, 'MIN22500', 15),
(2015, 21420185, 'MIN22600', 15),
(2015, 21420185, 'MIN22700', 18),
(2015, 21424448, 'MIN21100', 9),
(2015, 21424448, 'MIN21200', 8),
(2015, 21424448, 'MIN21300', 7),
(2015, 21424448, 'MIN21400', 8),
(2015, 21424448, 'MIN21500', 8),
(2015, 21424448, 'MIN21600', 9),
(2015, 21424448, 'MIN22100', 13),
(2015, 21424448, 'MIN22200', 6),
(2015, 21424448, 'MIN22300', 12),
(2015, 21424448, 'MIN22400', 13),
(2015, 21424448, 'MIN22500', 9),
(2015, 21424448, 'MIN22600', 13),
(2015, 21424448, 'MIN22700', 15),
(2015, 21424443, 'MIN21100', 9),
(2015, 21424443, 'MIN21200', 9),
(2015, 21424443, 'MIN21300', 11),
(2015, 21424443, 'MIN21400', 10),
(2015, 21424443, 'MIN21500', 8),
(2015, 21424443, 'MIN21600', 6),
(2015, 21424443, 'MIN22100', 7),
(2015, 21424443, 'MIN22200', 6),
(2015, 21424443, 'MIN22300', 11),
(2015, 21424443, 'MIN22400', 13),
(2015, 21424443, 'MIN22500', 11),
(2015, 21424443, 'MIN22600', 13),
(2015, 21424443, 'MIN22700', 6),
(2015, 21422542, 'MIN21100', 11),
(2015, 21422542, 'MIN21200', 9),
(2015, 21422542, 'MIN21300', 11),
(2015, 21422542, 'MIN21400', 9),
(2015, 21422542, 'MIN21500', 8),
(2015, 21422542, 'MIN21600', 11),
(2015, 21422542, 'MIN22100', 9),
(2015, 21422542, 'MIN22200', 11),
(2015, 21422542, 'MIN22300', 13),
(2015, 21422542, 'MIN22400', 12),
(2015, 21422542, 'MIN22500', 11),
(2015, 21422542, 'MIN22600', 13),
(2015, 21422542, 'MIN22700', 12),
(2015, 21421921, 'MIN21100', 13),
(2015, 21421921, 'MIN21200', 9),
(2015, 21421921, 'MIN21300', 10),
(2015, 21421921, 'MIN21400', 10),
(2015, 21421921, 'MIN21500', 7),
(2015, 21421921, 'MIN21600', 10),
(2015, 21421921, 'MIN22100', 13),
(2015, 21421921, 'MIN22200', 7),
(2015, 21421921, 'MIN22300', 11),
(2015, 21421921, 'MIN22400', 12),
(2015, 21421921, 'MIN22500', 11),
(2015, 21421921, 'MIN22600', 12),
(2015, 21421921, 'MIN22700', 14),
(2015, 21421835, 'MIN21100', 13),
(2015, 21421835, 'MIN21200', 15),
(2015, 21421835, 'MIN21300', 11),
(2015, 21421835, 'MIN21400', 9),
(2015, 21421835, 'MIN21500', 9),
(2015, 21421835, 'MIN21600', 12),
(2015, 21421835, 'MIN22100', 8),
(2015, 21421835, 'MIN22200', 13),
(2015, 21421835, 'MIN22300', 14),
(2015, 21421835, 'MIN22400', 13),
(2015, 21421835, 'MIN22500', 11),
(2015, 21421835, 'MIN22600', 13),
(2015, 21421835, 'MIN22700', 18),
(2015, 21421723, 'MIN21100', 6),
(2015, 21421723, 'MIN21200', 7),
(2015, 21421723, 'MIN21300', 9),
(2015, 21421723, 'MIN21400', 9),
(2015, 21421723, 'MIN21500', 8),
(2015, 21421723, 'MIN21600', 8),
(2015, 21421723, 'MIN22100', 11),
(2015, 21421723, 'MIN22200', 7),
(2015, 21421723, 'MIN22300', 13),
(2015, 21421723, 'MIN22400', 14),
(2015, 21421723, 'MIN22500', 15),
(2015, 21421723, 'MIN22600', 14),
(2015, 21421723, 'MIN22700', 13),
(2015, 21420755, 'MIN21100', 17),
(2015, 21420755, 'MIN21200', 9),
(2015, 21420755, 'MIN21300', 14),
(2015, 21420755, 'MIN21400', 10),
(2015, 21420755, 'MIN21500', 10),
(2015, 21420755, 'MIN21600', 14),
(2015, 21420755, 'MIN22100', 9),
(2015, 21420755, 'MIN22200', 12),
(2015, 21420755, 'MIN22300', 16),
(2015, 21420755, 'MIN22400', 14),
(2015, 21420755, 'MIN22500', 13),
(2015, 21420755, 'MIN22600', 14),
(2015, 21420755, 'MIN22700', 17),
(2015, 21420165, 'MIN21100', 7),
(2015, 21420165, 'MIN21200', 7),
(2015, 21420165, 'MIN21300', 6),
(2015, 21420165, 'MIN21400', 6),
(2015, 21420165, 'MIN21500', 8),
(2015, 21420165, 'MIN21600', 4),
(2015, 21420165, 'MIN22100', 14),
(2015, 21420165, 'MIN22200', 8),
(2015, 21420165, 'MIN22300', 10),
(2015, 21420165, 'MIN22400', 10),
(2015, 21420165, 'MIN22500', 7),
(2015, 21420165, 'MIN22600', 5),
(2015, 21420165, 'MIN22700', 2),
(2015, 21423688, 'MIN21100', 10),
(2015, 21423688, 'MIN21200', 9),
(2015, 21423688, 'MIN21300', 9),
(2015, 21423688, 'MIN21400', 12),
(2015, 21423688, 'MIN21500', 6),
(2015, 21423688, 'MIN21600', 11),
(2015, 21423688, 'MIN22100', 13),
(2015, 21423688, 'MIN22200', 6),
(2015, 21423688, 'MIN22300', 14),
(2015, 21423688, 'MIN22400', 13),
(2015, 21423688, 'MIN22500', 9),
(2015, 21423688, 'MIN22600', 7),
(2015, 21423688, 'MIN22700', 18),
(2015, 21422499, 'MIN21100', 9),
(2015, 21422499, 'MIN21200', 11),
(2015, 21422499, 'MIN21300', 11),
(2015, 21422499, 'MIN21400', 13),
(2015, 21422499, 'MIN21500', 10),
(2015, 21422499, 'MIN21600', 10),
(2015, 21422499, 'MIN22100', 13),
(2015, 21422499, 'MIN22200', 7),
(2015, 21422499, 'MIN22300', 15),
(2015, 21422499, 'MIN22400', 13),
(2015, 21422499, 'MIN22500', 11),
(2015, 21422499, 'MIN22600', 12),
(2015, 21422499, 'MIN22700', 10),
(2015, 21420747, 'MIN21100', 16),
(2015, 21420747, 'MIN21200', 11),
(2015, 21420747, 'MIN21300', 15),
(2015, 21420747, 'MIN21400', 12),
(2015, 21420747, 'MIN21500', 14),
(2015, 21420747, 'MIN21600', 15),
(2015, 21420747, 'MIN22100', 19),
(2015, 21420747, 'MIN22200', 16),
(2015, 21420747, 'MIN22300', 16),
(2015, 21420747, 'MIN22400', 16),
(2015, 21420747, 'MIN22500', 16),
(2015, 21420747, 'MIN22600', 16),
(2015, 21420747, 'MIN22700', 16),
(2015, 21422723, 'MIN21100', 16),
(2015, 21422723, 'MIN21200', 6),
(2015, 21422723, 'MIN21300', 13),
(2015, 21422723, 'MIN21400', 8),
(2015, 21422723, 'MIN21500', 11),
(2015, 21422723, 'MIN21600', 15),
(2015, 21422723, 'MIN22100', 17),
(2015, 21422723, 'MIN22200', 8),
(2015, 21422723, 'MIN22300', 10),
(2015, 21422723, 'MIN22400', 12),
(2015, 21422723, 'MIN22500', 10),
(2015, 21422723, 'MIN22600', 10),
(2015, 21422723, 'MIN22700', 12),
(2015, 21420556, 'MIN21100', 18),
(2015, 21420556, 'MIN21200', 9),
(2015, 21420556, 'MIN21300', 15),
(2015, 21420556, 'MIN21400', 13),
(2015, 21420556, 'MIN21500', 8),
(2015, 21420556, 'MIN21600', 10),
(2015, 21420556, 'MIN22100', 12),
(2015, 21420556, 'MIN22200', 9),
(2015, 21420556, 'MIN22300', 12),
(2015, 21420556, 'MIN22400', 13),
(2015, 21420556, 'MIN22500', 13),
(2015, 21420556, 'MIN22600', 9),
(2015, 21420556, 'MIN22700', 5),
(2015, 21421824, 'MIN21100', 8),
(2015, 21421824, 'MIN21200', 10),
(2015, 21421824, 'MIN21300', 8),
(2015, 21421824, 'MIN21400', 7),
(2015, 21421824, 'MIN21500', 7),
(2015, 21421824, 'MIN21600', 6),
(2015, 21421824, 'MIN22100', 9),
(2015, 21421824, 'MIN22200', 5),
(2015, 21421824, 'MIN22300', 13),
(2015, 21421824, 'MIN22400', 14),
(2015, 21421824, 'MIN22500', 11),
(2015, 21421824, 'MIN22600', 14),
(2015, 21421824, 'MIN22700', 11),
(2015, 21421824, 'MIN2MSPO', 17),
(2015, 21422336, 'MIN21100', 16),
(2015, 21422336, 'MIN21200', 13),
(2015, 21422336, 'MIN21300', 13),
(2015, 21422336, 'MIN21400', 10),
(2015, 21422336, 'MIN21500', 9),
(2015, 21422336, 'MIN21600', 14),
(2015, 21422336, 'MIN22100', 19),
(2015, 21422336, 'MIN22200', 16),
(2015, 21422336, 'MIN22300', 10),
(2015, 21422336, 'MIN22400', 10),
(2015, 21422336, 'MIN22500', 10),
(2015, 21422336, 'MIN22600', 12),
(2015, 21422336, 'MIN22700', 15),
(2015, 21422336, 'MIN2MSPO', 12),
(2015, 21422315, 'MIN21100', 11),
(2015, 21422315, 'MIN21200', 12),
(2015, 21422315, 'MIN21300', 12),
(2015, 21422315, 'MIN21400', 11),
(2015, 21422315, 'MIN21500', 10),
(2015, 21422315, 'MIN21600', 14),
(2015, 21422315, 'MIN22100', 15),
(2015, 21422315, 'MIN22200', 11),
(2015, 21422315, 'MIN22300', 13),
(2015, 21422315, 'MIN22400', 16),
(2015, 21422315, 'MIN22500', 14),
(2015, 21422315, 'MIN22600', 15),
(2015, 21422315, 'MIN22700', 12),
(2015, 21424240, 'MIN21100', 7),
(2015, 21424240, 'MIN21200', 6),
(2015, 21424240, 'MIN21300', 8),
(2015, 21424240, 'MIN21400', 11),
(2015, 21424240, 'MIN21500', 9),
(2015, 21424240, 'MIN21600', 6),
(2015, 21424240, 'MIN22100', 9),
(2015, 21424240, 'MIN22200', 6),
(2015, 21424240, 'MIN22300', 18),
(2015, 21424240, 'MIN22400', 11),
(2015, 21424240, 'MIN22500', 10),
(2015, 21424240, 'MIN22600', 8),
(2015, 21424240, 'MIN22700', 16),
(2015, 21423100, 'MIN21100', 7),
(2015, 21423100, 'MIN21200', 5),
(2015, 21423100, 'MIN21300', 7),
(2015, 21423100, 'MIN21400', 6),
(2015, 21423100, 'MIN21500', 5),
(2015, 21423100, 'MIN21600', 7),
(2015, 21423100, 'MIN22100', 11),
(2015, 21423100, 'MIN22200', 11),
(2015, 21423100, 'MIN22300', 11),
(2015, 21423100, 'MIN22400', 11),
(2015, 21423100, 'MIN22500', 12),
(2015, 21423100, 'MIN22600', 6),
(2015, 21423100, 'MIN22700', 2),
(2015, 21424578, 'MIN21100', 10),
(2015, 21424578, 'MIN21200', 10),
(2015, 21424578, 'MIN21300', 8),
(2015, 21424578, 'MIN21400', 7),
(2015, 21424578, 'MIN21500', 8),
(2015, 21424578, 'MIN21600', 6),
(2015, 21424578, 'MIN22100', 16),
(2015, 21424578, 'MIN22200', 9),
(2015, 21424578, 'MIN22300', 11),
(2015, 21424578, 'MIN22400', 11),
(2015, 21424578, 'MIN22500', 11),
(2015, 21424578, 'MIN22600', 9),
(2015, 21424578, 'MIN22700', 12),
(2015, 21421735, 'MIN21100', 10),
(2015, 21421735, 'MIN21200', 10),
(2015, 21421735, 'MIN21300', 10),
(2015, 21421735, 'MIN21400', 9),
(2015, 21421735, 'MIN21500', 11),
(2015, 21421735, 'MIN21600', 11),
(2015, 21421735, 'MIN22100', 15),
(2015, 21421735, 'MIN22200', 9),
(2015, 21421735, 'MIN22300', 17),
(2015, 21421735, 'MIN22400', 13),
(2015, 21421735, 'MIN22500', 15),
(2015, 21421735, 'MIN22600', 11),
(2015, 21421735, 'MIN22700', 17),
(2015, 21420215, 'MIN21100', 18),
(2015, 21420215, 'MIN21200', 16),
(2015, 21420215, 'MIN21300', 17),
(2015, 21420215, 'MIN21400', 13),
(2015, 21420215, 'MIN21500', 15),
(2015, 21420215, 'MIN21600', 19),
(2015, 21420215, 'MIN22100', 20),
(2015, 21420215, 'MIN22200', 20),
(2015, 21420215, 'MIN22300', 12),
(2015, 21420215, 'MIN22400', 12),
(2015, 21420215, 'MIN22500', 15),
(2015, 21420215, 'MIN22600', 15),
(2015, 21420215, 'MIN22700', 15),
(2015, 21420215, 'MIN2MSPO', 13),
(2015, 21421222, 'MIN21100', 10),
(2015, 21421222, 'MIN21200', 6),
(2015, 21421222, 'MIN21300', 6),
(2015, 21421222, 'MIN21400', 8),
(2015, 21421222, 'MIN21500', 8),
(2015, 21421222, 'MIN21600', 9),
(2015, 21421222, 'MIN22100', 15),
(2015, 21421222, 'MIN22200', 3),
(2015, 21421222, 'MIN22300', 16),
(2015, 21421222, 'MIN22400', 13),
(2015, 21421222, 'MIN22500', 10),
(2015, 21421222, 'MIN22600', 6),
(2015, 21421222, 'MIN22700', 13),
(2015, 21420239, 'MIN21100', 12),
(2015, 21420239, 'MIN21200', 8),
(2015, 21420239, 'MIN21300', 13),
(2015, 21420239, 'MIN21400', 10),
(2015, 21420239, 'MIN21500', 10),
(2015, 21420239, 'MIN21600', 14),
(2015, 21420239, 'MIN22100', 14),
(2015, 21420239, 'MIN22200', 10),
(2015, 21420239, 'MIN22300', 12),
(2015, 21420239, 'MIN22400', 13),
(2015, 21420239, 'MIN22500', 12),
(2015, 21420239, 'MIN22600', 15),
(2015, 21420239, 'MIN22700', 15),
(2015, 21420538, 'MIN21100', 17),
(2015, 21420538, 'MIN21200', 16),
(2015, 21420538, 'MIN21300', 18),
(2015, 21420538, 'MIN21400', 11),
(2015, 21420538, 'MIN21500', 15),
(2015, 21420538, 'MIN21600', 16),
(2015, 21420538, 'MIN22100', 16),
(2015, 21420538, 'MIN22200', 17),
(2015, 21420538, 'MIN22300', 18),
(2015, 21420538, 'MIN22400', 15),
(2015, 21420538, 'MIN22500', 14),
(2015, 21420538, 'MIN22600', 13),
(2015, 21420538, 'MIN22700', 19),
(2015, 21420538, 'MIN2MSPO', 14),
(2015, 21421543, 'MIN21100', 18),
(2015, 21421543, 'MIN21200', 14),
(2015, 21421543, 'MIN21300', 17),
(2015, 21421543, 'MIN21400', 13),
(2015, 21421543, 'MIN21500', 13),
(2015, 21421543, 'MIN21600', 16),
(2015, 21421543, 'MIN22100', 16),
(2015, 21421543, 'MIN22200', 13),
(2015, 21421543, 'MIN22300', 12),
(2015, 21421543, 'MIN22400', 12),
(2015, 21421543, 'MIN22500', 14),
(2015, 21421543, 'MIN22600', 13),
(2015, 21421543, 'MIN22700', 12),
(2015, 21321788, 'MIN21100', 14),
(2015, 21321788, 'MIN21200', 5),
(2015, 21321788, 'MIN21300', 14),
(2015, 21321788, 'MIN21400', 10),
(2015, 21321788, 'MIN21500', 7),
(2015, 21321788, 'MIN21600', 11),
(2015, 21321788, 'MIN22100', 10),
(2015, 21321788, 'MIN22200', 10),
(2015, 21321788, 'MIN22300', 9),
(2015, 21321788, 'MIN22400', 14),
(2015, 21321788, 'MIN22500', 12),
(2015, 21321788, 'MIN22600', 8),
(2015, 21321788, 'MIN22700', 11),
(2015, 21421177, 'MIN21100', 13),
(2015, 21421177, 'MIN21200', 9),
(2015, 21421177, 'MIN21300', 17),
(2015, 21421177, 'MIN21400', 13),
(2015, 21421177, 'MIN21500', 9),
(2015, 21421177, 'MIN21600', 14),
(2015, 21421177, 'MIN22100', 11),
(2015, 21421177, 'MIN22200', 9),
(2015, 21421177, 'MIN22300', 10),
(2015, 21421177, 'MIN22400', 14),
(2015, 21421177, 'MIN22500', 11),
(2015, 21421177, 'MIN22600', 14),
(2015, 21421177, 'MIN22700', 14),
(2015, 21420125, 'MIN21100', 10),
(2015, 21420125, 'MIN21200', 7),
(2015, 21420125, 'MIN21300', 7),
(2015, 21420125, 'MIN21400', 3),
(2015, 21420125, 'MIN21500', 4),
(2015, 21420125, 'MIN21600', 4),
(2015, 21420125, 'MIN22100', 8),
(2015, 21420125, 'MIN22200', 10),
(2015, 21420125, 'MIN22300', 9),
(2015, 21420125, 'MIN22400', 12),
(2015, 21420125, 'MIN22500', 9),
(2015, 21420125, 'MIN22600', 7),
(2015, 21420125, 'MIN22700', 12),
(2015, 21422259, 'MIN21100', 10),
(2015, 21422259, 'MIN21200', 12),
(2015, 21422259, 'MIN21300', 12),
(2015, 21422259, 'MIN21400', 9),
(2015, 21422259, 'MIN21500', 10),
(2015, 21422259, 'MIN21600', 7),
(2015, 21422259, 'MIN22100', 12),
(2015, 21422259, 'MIN22200', 5),
(2015, 21422259, 'MIN22300', 12),
(2015, 21422259, 'MIN22400', 14),
(2015, 21422259, 'MIN22500', 16),
(2015, 21422259, 'MIN22600', 15),
(2015, 21422259, 'MIN22700', 11),
(2015, 21422554, 'MIN21100', 12),
(2015, 21422554, 'MIN21200', 9),
(2015, 21422554, 'MIN21300', 11),
(2015, 21422554, 'MIN21400', 10),
(2015, 21422554, 'MIN21500', 9),
(2015, 21422554, 'MIN21600', 14),
(2015, 21422554, 'MIN22100', 14),
(2015, 21422554, 'MIN22200', 5),
(2015, 21422554, 'MIN22300', 11),
(2015, 21422554, 'MIN22400', 11),
(2015, 21422554, 'MIN22500', 14),
(2015, 21422554, 'MIN22600', 14),
(2015, 21422554, 'MIN22700', 12),
(2015, 21421227, 'MIN21100', 13),
(2015, 21421227, 'MIN21200', 10),
(2015, 21421227, 'MIN21300', 13),
(2015, 21421227, 'MIN21400', 12),
(2015, 21421227, 'MIN21500', 11),
(2015, 21421227, 'MIN21600', 10),
(2015, 21421227, 'MIN22100', 8),
(2015, 21421227, 'MIN22200', 14),
(2015, 21421227, 'MIN22300', 14),
(2015, 21421227, 'MIN22400', 15),
(2015, 21421227, 'MIN22500', 16),
(2015, 21421227, 'MIN22600', 13),
(2015, 21421227, 'MIN22700', 18);
INSERT INTO `mark` (`year`, `student`, `module`, `mark`) VALUES
(2015, 21424159, 'MIN21100', 7),
(2015, 21424159, 'MIN21200', 12),
(2015, 21424159, 'MIN21300', 9),
(2015, 21424159, 'MIN21400', 9),
(2015, 21424159, 'MIN21500', 12),
(2015, 21424159, 'MIN21600', 4),
(2015, 21424159, 'MIN22100', 9),
(2015, 21424159, 'MIN22200', 8),
(2015, 21424159, 'MIN22300', 12),
(2015, 21424159, 'MIN22400', 14),
(2015, 21424159, 'MIN22500', 12),
(2015, 21424159, 'MIN22600', 17),
(2015, 21424159, 'MIN22700', 11),
(2015, 21321082, 'MIN21100', 15),
(2015, 21321082, 'MIN21200', 10),
(2015, 21321082, 'MIN21300', 10),
(2015, 21321082, 'MIN21400', 12),
(2015, 21321082, 'MIN21500', 11),
(2015, 21321082, 'MIN21600', 11),
(2015, 21321082, 'MIN22100', 18),
(2015, 21321082, 'MIN22200', 9),
(2015, 21321082, 'MIN22300', 10),
(2015, 21321082, 'MIN22400', 12),
(2015, 21321082, 'MIN22500', 11),
(2015, 21321082, 'MIN22600', 12),
(2015, 21321082, 'MIN22700', 12),
(2015, 21320744, 'MIN21100', 7),
(2015, 21320744, 'MIN21200', 9),
(2015, 21320744, 'MIN21300', 6),
(2015, 21320744, 'MIN21400', 9),
(2015, 21320744, 'MIN21500', 6),
(2015, 21320744, 'MIN21600', 9),
(2015, 21320744, 'MIN22100', 15),
(2015, 21320744, 'MIN22200', 10),
(2015, 21320744, 'MIN22300', 14),
(2015, 21320744, 'MIN22400', 14),
(2015, 21320744, 'MIN22500', 14),
(2015, 21320744, 'MIN22600', 12),
(2015, 21320744, 'MIN22700', 9),
(2015, 21421277, 'MIN21100', 18),
(2015, 21421277, 'MIN21200', 11),
(2015, 21421277, 'MIN21300', 15),
(2015, 21421277, 'MIN21400', 13),
(2015, 21421277, 'MIN21500', 12),
(2015, 21421277, 'MIN21600', 15),
(2015, 21421277, 'MIN22100', 18),
(2015, 21421277, 'MIN22200', 18),
(2015, 21421277, 'MIN22300', 17),
(2015, 21421277, 'MIN22400', 13),
(2015, 21421277, 'MIN22500', 15),
(2015, 21421277, 'MIN22600', 12),
(2015, 21421277, 'MIN22700', 16),
(2015, 21421277, 'MIN2MSPO', 14),
(2015, 21423197, 'MIN21100', 11),
(2015, 21423197, 'MIN21200', 8),
(2015, 21423197, 'MIN21300', 11),
(2015, 21423197, 'MIN21400', 8),
(2015, 21423197, 'MIN21500', 7),
(2015, 21423197, 'MIN21600', 7),
(2015, 21423197, 'MIN22100', 14),
(2015, 21423197, 'MIN22200', 13),
(2015, 21423197, 'MIN22300', 13),
(2015, 21423197, 'MIN22400', 14),
(2015, 21423197, 'MIN22500', 14),
(2015, 21423197, 'MIN22600', 10),
(2015, 21423197, 'MIN22700', 16),
(2015, 21423049, 'MIN21100', 5),
(2015, 21423049, 'MIN21200', 0),
(2015, 21423049, 'MIN21300', 0),
(2015, 21423049, 'MIN21400', 2),
(2015, 21423049, 'MIN21500', 0),
(2015, 21423049, 'MIN21600', 2),
(2015, 21423049, 'MIN22100', 0),
(2015, 21423049, 'MIN22200', 3),
(2015, 21423049, 'MIN22300', 0),
(2015, 21423049, 'MIN22400', 0),
(2015, 21423049, 'MIN22500', 0),
(2015, 21423049, 'MIN22600', 3),
(2015, 21423049, 'MIN22700', 11),
(2015, 21424322, 'MIN21100', 9),
(2015, 21424322, 'MIN21200', 9),
(2015, 21424322, 'MIN21300', 8),
(2015, 21424322, 'MIN21400', 8),
(2015, 21424322, 'MIN21500', 12),
(2015, 21424322, 'MIN21600', 9),
(2015, 21424322, 'MIN22100', 13),
(2015, 21424322, 'MIN22200', 8),
(2015, 21424322, 'MIN22300', 12),
(2015, 21424322, 'MIN22400', 14),
(2015, 21424322, 'MIN22500', 14),
(2015, 21424322, 'MIN22600', 12),
(2015, 21424322, 'MIN22700', 11),
(2015, 21420539, 'MIN21100', 18),
(2015, 21420539, 'MIN21200', 12),
(2015, 21420539, 'MIN21300', 18),
(2015, 21420539, 'MIN21400', 15),
(2015, 21420539, 'MIN21500', 13),
(2015, 21420539, 'MIN21600', 16),
(2015, 21420539, 'MIN22100', 11),
(2015, 21420539, 'MIN22200', 10),
(2015, 21420539, 'MIN22300', 12),
(2015, 21420539, 'MIN22400', 14),
(2015, 21420539, 'MIN22500', 11),
(2015, 21420539, 'MIN22600', 13),
(2015, 21420539, 'MIN22700', 14),
(2015, 21424319, 'MIN21100', 12),
(2015, 21424319, 'MIN21200', 6),
(2015, 21424319, 'MIN21300', 9),
(2015, 21424319, 'MIN21400', 8),
(2015, 21424319, 'MIN21500', 10),
(2015, 21424319, 'MIN21600', 12),
(2015, 21424319, 'MIN22100', 9),
(2015, 21424319, 'MIN22200', 7),
(2015, 21424319, 'MIN22300', 11),
(2015, 21424319, 'MIN22400', 15),
(2015, 21424319, 'MIN22500', 11),
(2015, 21424319, 'MIN22600', 8),
(2015, 21424319, 'MIN22700', 13),
(2015, 21321124, 'MIN21100', 7),
(2015, 21321124, 'MIN21200', 8),
(2015, 21321124, 'MIN21300', 10),
(2015, 21321124, 'MIN21400', 11),
(2015, 21321124, 'MIN21500', 10),
(2015, 21321124, 'MIN21600', 10),
(2015, 21321124, 'MIN22100', 11),
(2015, 21321124, 'MIN22200', 3),
(2015, 21321124, 'MIN22300', 16),
(2015, 21321124, 'MIN22400', 14),
(2015, 21321124, 'MIN22500', 16),
(2015, 21321124, 'MIN22600', 13),
(2015, 21321124, 'MIN22700', 15),
(2015, 21422425, 'MIN21100', 18),
(2015, 21422425, 'MIN21200', 12),
(2015, 21422425, 'MIN21300', 16),
(2015, 21422425, 'MIN21400', 11),
(2015, 21422425, 'MIN21500', 13),
(2015, 21422425, 'MIN21600', 15),
(2015, 21422425, 'MIN22100', 15),
(2015, 21422425, 'MIN22200', 11),
(2015, 21422425, 'MIN22300', 12),
(2015, 21422425, 'MIN22400', 12),
(2015, 21422425, 'MIN22500', 9),
(2015, 21422425, 'MIN22600', 14),
(2015, 21422425, 'MIN22700', 15),
(2015, 21424434, 'MIN21100', 17),
(2015, 21424434, 'MIN21200', 11),
(2015, 21424434, 'MIN21300', 14),
(2015, 21424434, 'MIN21400', 13),
(2015, 21424434, 'MIN21500', 9),
(2015, 21424434, 'MIN21600', 13),
(2015, 21424434, 'MIN22100', 17),
(2015, 21424434, 'MIN22200', 8),
(2015, 21424434, 'MIN22300', 12),
(2015, 21424434, 'MIN22400', 14),
(2015, 21424434, 'MIN22500', 13),
(2015, 21424434, 'MIN22600', 11),
(2015, 21424434, 'MIN22700', 16),
(2015, 21420526, 'MIN21100', 9),
(2015, 21420526, 'MIN21200', 9),
(2015, 21420526, 'MIN21300', 11),
(2015, 21420526, 'MIN21400', 9),
(2015, 21420526, 'MIN21500', 10),
(2015, 21420526, 'MIN21600', 9),
(2015, 21420526, 'MIN22100', 11),
(2015, 21420526, 'MIN22200', 5),
(2015, 21420526, 'MIN22300', 14),
(2015, 21420526, 'MIN22400', 16),
(2015, 21420526, 'MIN22500', 14),
(2015, 21420526, 'MIN22600', 14),
(2015, 21420526, 'MIN22700', 14),
(2015, 21420257, 'MIN21100', 7),
(2015, 21420257, 'MIN21200', 8),
(2015, 21420257, 'MIN21300', 8),
(2015, 21420257, 'MIN21400', 10),
(2015, 21420257, 'MIN21500', 10),
(2015, 21420257, 'MIN21600', 6),
(2015, 21420257, 'MIN22100', 6),
(2015, 21420257, 'MIN22200', 5),
(2015, 21420257, 'MIN22300', 14),
(2015, 21420257, 'MIN22400', 14),
(2015, 21420257, 'MIN22500', 13),
(2015, 21420257, 'MIN22600', 14),
(2015, 21420257, 'MIN22700', 12),
(2015, 21423125, 'MIN21100', 11),
(2015, 21423125, 'MIN21200', 7),
(2015, 21423125, 'MIN21300', 14),
(2015, 21423125, 'MIN21400', 12),
(2015, 21423125, 'MIN21500', 7),
(2015, 21423125, 'MIN21600', 8),
(2015, 21423125, 'MIN22100', 12),
(2015, 21423125, 'MIN22200', 4),
(2015, 21423125, 'MIN22300', 10),
(2015, 21423125, 'MIN22400', 12),
(2015, 21423125, 'MIN22500', 10),
(2015, 21423125, 'MIN22600', 10),
(2015, 21423125, 'MIN22700', 10),
(2015, 21420214, 'MIN21100', 18),
(2015, 21420214, 'MIN21200', 12),
(2015, 21420214, 'MIN21300', 16),
(2015, 21420214, 'MIN21400', 13),
(2015, 21420214, 'MIN21500', 13),
(2015, 21420214, 'MIN21600', 18),
(2015, 21420214, 'MIN22100', 20),
(2015, 21420214, 'MIN22200', 8),
(2015, 21420214, 'MIN22300', 13),
(2015, 21420214, 'MIN22400', 12),
(2015, 21420214, 'MIN22500', 12),
(2015, 21420214, 'MIN22600', 12),
(2015, 21420214, 'MIN22700', 13),
(2015, 21420307, 'MIN21100', 13),
(2015, 21420307, 'MIN21200', 11),
(2015, 21420307, 'MIN21300', 11),
(2015, 21420307, 'MIN21400', 11),
(2015, 21420307, 'MIN21500', 9),
(2015, 21420307, 'MIN21600', 13),
(2015, 21420307, 'MIN22100', 17),
(2015, 21420307, 'MIN22200', 5),
(2015, 21420307, 'MIN22300', 16),
(2015, 21420307, 'MIN22400', 15),
(2015, 21420307, 'MIN22500', 11),
(2015, 21420307, 'MIN22600', 9),
(2015, 21420307, 'MIN22700', 14),
(2015, 21420445, 'MIN21100', 18),
(2015, 21420445, 'MIN21200', 16),
(2015, 21420445, 'MIN21300', 17),
(2015, 21420445, 'MIN21400', 16),
(2015, 21420445, 'MIN21500', 15),
(2015, 21420445, 'MIN21600', 18),
(2015, 21420445, 'MIN22100', 20),
(2015, 21420445, 'MIN22200', 17),
(2015, 21420445, 'MIN22300', 20),
(2015, 21420445, 'MIN22400', 16),
(2015, 21420445, 'MIN22500', 19),
(2015, 21420445, 'MIN22600', 16),
(2015, 21420445, 'MIN22700', 18),
(2015, 21425845, 'MIN21100', 9),
(2015, 21425845, 'MIN21200', 4),
(2015, 21425845, 'MIN21300', 5),
(2015, 21425845, 'MIN21400', 6),
(2015, 21425845, 'MIN21500', 5),
(2015, 21425845, 'MIN21600', 2),
(2015, 21425845, 'MIN22100', 11),
(2015, 21425845, 'MIN22200', 4),
(2015, 21425845, 'MIN22300', 7),
(2015, 21425845, 'MIN22400', 13),
(2015, 21425845, 'MIN22500', 12),
(2015, 21425845, 'MIN22600', 7),
(2015, 21425845, 'MIN22700', 12),
(2015, 21420192, 'MIN21100', 11),
(2015, 21420192, 'MIN21200', 10),
(2015, 21420192, 'MIN21300', 14),
(2015, 21420192, 'MIN21400', 10),
(2015, 21420192, 'MIN21500', 6),
(2015, 21420192, 'MIN21600', 10),
(2015, 21420192, 'MIN22100', 11),
(2015, 21420192, 'MIN22200', 11),
(2015, 21420192, 'MIN22300', 12),
(2015, 21420192, 'MIN22400', 13),
(2015, 21420192, 'MIN22500', 14),
(2015, 21420192, 'MIN22600', 11),
(2015, 21420192, 'MIN22700', 19),
(2015, 21420458, 'MIN21100', 12),
(2015, 21420458, 'MIN21200', 10),
(2015, 21420458, 'MIN21300', 13),
(2015, 21420458, 'MIN21400', 11),
(2015, 21420458, 'MIN21500', 8),
(2015, 21420458, 'MIN21600', 11),
(2015, 21420458, 'MIN22100', 18),
(2015, 21420458, 'MIN22200', 10),
(2015, 21420458, 'MIN22300', 13),
(2015, 21420458, 'MIN22400', 12),
(2015, 21420458, 'MIN22500', 13),
(2015, 21420458, 'MIN22600', 13),
(2015, 21420458, 'MIN22700', 11),
(2015, 21420266, 'MIN21100', 10),
(2015, 21420266, 'MIN21200', 11),
(2015, 21420266, 'MIN21300', 10),
(2015, 21420266, 'MIN21400', 9),
(2015, 21420266, 'MIN21500', 11),
(2015, 21420266, 'MIN21600', 7),
(2015, 21420266, 'MIN22100', 14),
(2015, 21420266, 'MIN22200', 5),
(2015, 21420266, 'MIN22300', 16),
(2015, 21420266, 'MIN22400', 16),
(2015, 21420266, 'MIN22500', 15),
(2015, 21420266, 'MIN22600', 10),
(2015, 21420266, 'MIN22700', 13),
(2015, 21420266, 'MIN2MSPO', 14),
(2015, 21423285, 'MIN21100', 4),
(2015, 21423285, 'MIN21200', 2),
(2015, 21423285, 'MIN21300', 6),
(2015, 21423285, 'MIN21400', 5),
(2015, 21423285, 'MIN21500', 2),
(2015, 21423285, 'MIN21600', 3),
(2015, 21423285, 'MIN22100', 4),
(2015, 21423285, 'MIN22200', 4),
(2015, 21423285, 'MIN22300', 6),
(2015, 21423285, 'MIN22400', 11),
(2015, 21423285, 'MIN22500', 12),
(2015, 21423285, 'MIN22600', 6),
(2015, 21423285, 'MIN22700', 13),
(2015, 21423152, 'MIN21100', 16),
(2015, 21423152, 'MIN21200', 11),
(2015, 21423152, 'MIN21300', 14),
(2015, 21423152, 'MIN21400', 7),
(2015, 21423152, 'MIN21500', 10),
(2015, 21423152, 'MIN21600', 10),
(2015, 21423152, 'MIN22100', 12),
(2015, 21423152, 'MIN22200', 5),
(2015, 21423152, 'MIN22300', 11),
(2015, 21423152, 'MIN22400', 13),
(2015, 21423152, 'MIN22500', 12),
(2015, 21423152, 'MIN22600', 13),
(2015, 21423152, 'MIN22700', 16),
(2015, 21420362, 'MIN21100', 7),
(2015, 21420362, 'MIN21200', 7),
(2015, 21420362, 'MIN21300', 6),
(2015, 21420362, 'MIN21400', 9),
(2015, 21420362, 'MIN21500', 8),
(2015, 21420362, 'MIN21600', 4),
(2015, 21420362, 'MIN22100', 8),
(2015, 21420362, 'MIN22200', 5),
(2015, 21420362, 'MIN22300', 13),
(2015, 21420362, 'MIN22400', 12),
(2015, 21420362, 'MIN22500', 11),
(2015, 21420362, 'MIN22600', 10),
(2015, 21420362, 'MIN22700', 17),
(2015, 21420247, 'MIN21100', 9),
(2015, 21420247, 'MIN21200', 11),
(2015, 21420247, 'MIN21300', 13),
(2015, 21420247, 'MIN21400', 11),
(2015, 21420247, 'MIN21500', 13),
(2015, 21420247, 'MIN21600', 5),
(2015, 21420247, 'MIN22100', 14),
(2015, 21420247, 'MIN22200', 7),
(2015, 21420247, 'MIN22300', 18),
(2015, 21420247, 'MIN22400', 16),
(2015, 21420247, 'MIN22500', 13),
(2015, 21420247, 'MIN22600', 12),
(2015, 21420247, 'MIN22700', 19),
(2015, 21421750, 'MIN21100', 15),
(2015, 21421750, 'MIN21200', 14),
(2015, 21421750, 'MIN21300', 14),
(2015, 21421750, 'MIN21400', 14),
(2015, 21421750, 'MIN21500', 11),
(2015, 21421750, 'MIN21600', 13),
(2015, 21421750, 'MIN22100', 17),
(2015, 21421750, 'MIN22200', 7),
(2015, 21421750, 'MIN22300', 17),
(2015, 21421750, 'MIN22400', 13),
(2015, 21421750, 'MIN22500', 11),
(2015, 21421750, 'MIN22600', 11),
(2015, 21421750, 'MIN22700', 13),
(2015, 21421750, 'MIN2MSPO', 14),
(2015, 21424245, 'MIN21100', 15),
(2015, 21424245, 'MIN21200', 9),
(2015, 21424245, 'MIN21300', 14),
(2015, 21424245, 'MIN21400', 9),
(2015, 21424245, 'MIN21500', 12),
(2015, 21424245, 'MIN21600', 12),
(2015, 21424245, 'MIN22100', 13),
(2015, 21424245, 'MIN22200', 8),
(2015, 21424245, 'MIN22300', 9),
(2015, 21424245, 'MIN22400', 13),
(2015, 21424245, 'MIN22500', 12),
(2015, 21424245, 'MIN22600', 14),
(2015, 21424245, 'MIN22700', 7),
(2015, 21420760, 'MIN21100', 11),
(2015, 21420760, 'MIN21200', 8),
(2015, 21420760, 'MIN21300', 11),
(2015, 21420760, 'MIN21400', 8),
(2015, 21420760, 'MIN21500', 9),
(2015, 21420760, 'MIN21600', 5),
(2015, 21420760, 'MIN22100', 12),
(2015, 21420760, 'MIN22200', 6),
(2015, 21420760, 'MIN22300', 11),
(2015, 21420760, 'MIN22400', 12),
(2015, 21420760, 'MIN22500', 12),
(2015, 21420760, 'MIN22600', 12),
(2015, 21420760, 'MIN22700', 17),
(2015, 21420148, 'MIN21100', 5),
(2015, 21420148, 'MIN21200', 5),
(2015, 21420148, 'MIN21300', 6),
(2015, 21420148, 'MIN21400', 8),
(2015, 21420148, 'MIN21500', 8),
(2015, 21420148, 'MIN21600', 5),
(2015, 21420148, 'MIN22100', 7),
(2015, 21420148, 'MIN22200', 7),
(2015, 21420148, 'MIN22300', 13),
(2015, 21420148, 'MIN22400', 11),
(2015, 21420148, 'MIN22500', 13),
(2015, 21420148, 'MIN22600', 12),
(2015, 21420148, 'MIN22700', 14),
(2015, 21420334, 'MIN21100', 13),
(2015, 21420334, 'MIN21200', 12),
(2015, 21420334, 'MIN21300', 11),
(2015, 21420334, 'MIN21400', 10),
(2015, 21420334, 'MIN21500', 11),
(2015, 21420334, 'MIN21600', 13),
(2015, 21420334, 'MIN22100', 15),
(2015, 21420334, 'MIN22200', 14),
(2015, 21420334, 'MIN22300', 15),
(2015, 21420334, 'MIN22400', 15),
(2015, 21420334, 'MIN22500', 14),
(2015, 21420334, 'MIN22600', 17),
(2015, 21420334, 'MIN22700', 16),
(2015, 21420233, 'MIN21100', 14),
(2015, 21420233, 'MIN21200', 11),
(2015, 21420233, 'MIN21300', 10),
(2015, 21420233, 'MIN21400', 13),
(2015, 21420233, 'MIN21500', 10),
(2015, 21420233, 'MIN21600', 10),
(2015, 21420233, 'MIN22100', 12),
(2015, 21420233, 'MIN22200', 7),
(2015, 21420233, 'MIN22300', 11),
(2015, 21420233, 'MIN22400', 14),
(2015, 21420233, 'MIN22500', 12),
(2015, 21420233, 'MIN22600', 12),
(2015, 21420233, 'MIN22700', 16),
(2015, 21420233, 'MIN2MSPO', 11),
(2015, 21420425, 'MIN21100', 12),
(2015, 21420425, 'MIN21200', 14),
(2015, 21420425, 'MIN21300', 12),
(2015, 21420425, 'MIN21400', 12),
(2015, 21420425, 'MIN21500', 11),
(2015, 21420425, 'MIN21600', 13),
(2015, 21420425, 'MIN22100', 15),
(2015, 21420425, 'MIN22200', 10),
(2015, 21420425, 'MIN22300', 13),
(2015, 21420425, 'MIN22400', 15),
(2015, 21420425, 'MIN22500', 15),
(2015, 21420425, 'MIN22600', 10),
(2015, 21420425, 'MIN22700', 16),
(2015, 21420425, 'MIN2MSPO', 15),
(2015, 21420658, 'MIN21100', 14),
(2015, 21420658, 'MIN21200', 7),
(2015, 21420658, 'MIN21300', 14),
(2015, 21420658, 'MIN21400', 7),
(2015, 21420658, 'MIN21500', 10),
(2015, 21420658, 'MIN21600', 13),
(2015, 21420658, 'MIN22100', 7),
(2015, 21420658, 'MIN22200', 8),
(2015, 21420658, 'MIN22300', 11),
(2015, 21420658, 'MIN22400', 11),
(2015, 21420658, 'MIN22500', 12),
(2015, 21420658, 'MIN22600', 11),
(2015, 21420658, 'MIN22700', 13),
(2015, 21420636, 'MIN21100', 16),
(2015, 21420636, 'MIN21200', 10),
(2015, 21420636, 'MIN21300', 13),
(2015, 21420636, 'MIN21400', 10),
(2015, 21420636, 'MIN21500', 12),
(2015, 21420636, 'MIN21600', 12),
(2015, 21420636, 'MIN22100', 13),
(2015, 21420636, 'MIN22200', 15),
(2015, 21420636, 'MIN22300', 13),
(2015, 21420636, 'MIN22400', 14),
(2015, 21420636, 'MIN22500', 12),
(2015, 21420636, 'MIN22600', 15),
(2015, 21420636, 'MIN22700', 8),
(2015, 21421377, 'MIN21100', 7),
(2015, 21421377, 'MIN21200', 6),
(2015, 21421377, 'MIN21300', 7),
(2015, 21421377, 'MIN21400', 7),
(2015, 21421377, 'MIN21500', 6),
(2015, 21421377, 'MIN21600', 3),
(2015, 21421377, 'MIN22100', 10),
(2015, 21421377, 'MIN22200', 8),
(2015, 21421377, 'MIN22300', 9),
(2015, 21421377, 'MIN22400', 12),
(2015, 21421377, 'MIN22500', 12),
(2015, 21421377, 'MIN22600', 9),
(2015, 21421377, 'MIN22700', 10),
(2015, 21420562, 'MIN21100', 19),
(2015, 21420562, 'MIN21200', 13),
(2015, 21420562, 'MIN21300', 17),
(2015, 21420562, 'MIN21400', 15),
(2015, 21420562, 'MIN21500', 15),
(2015, 21420562, 'MIN21600', 15),
(2015, 21420562, 'MIN22100', 18),
(2015, 21420562, 'MIN22200', 16),
(2015, 21420562, 'MIN22300', 13),
(2015, 21420562, 'MIN22400', 14),
(2015, 21420562, 'MIN22500', 13),
(2015, 21420562, 'MIN22600', 14),
(2015, 21420562, 'MIN22700', 10),
(2015, 21422055, 'MIN21100', 6),
(2015, 21422055, 'MIN21200', 6),
(2015, 21422055, 'MIN21300', 7),
(2015, 21422055, 'MIN21400', 8),
(2015, 21422055, 'MIN21500', 8),
(2015, 21422055, 'MIN21600', 7),
(2015, 21422055, 'MIN22100', 14),
(2015, 21422055, 'MIN22200', 12),
(2015, 21422055, 'MIN22300', 14),
(2015, 21422055, 'MIN22400', 14),
(2015, 21422055, 'MIN22500', 11),
(2015, 21422055, 'MIN22600', 9),
(2015, 21422055, 'MIN22700', 7),
(2015, 21421378, 'MIN21100', 11),
(2015, 21421378, 'MIN21200', 9),
(2015, 21421378, 'MIN21300', 9),
(2015, 21421378, 'MIN21400', 9),
(2015, 21421378, 'MIN21500', 8),
(2015, 21421378, 'MIN21600', 6),
(2015, 21421378, 'MIN22100', 15),
(2015, 21421378, 'MIN22200', 7),
(2015, 21421378, 'MIN22300', 13),
(2015, 21421378, 'MIN22400', 14),
(2015, 21421378, 'MIN22500', 6),
(2015, 21421378, 'MIN22600', 7),
(2015, 21421378, 'MIN22700', 13),
(2015, 21421378, 'MIN2MSPO', 12),
(2015, 21421725, 'MIN21100', 14),
(2015, 21421725, 'MIN21200', 9),
(2015, 21421725, 'MIN21300', 11),
(2015, 21421725, 'MIN21400', 11),
(2015, 21421725, 'MIN21500', 9),
(2015, 21421725, 'MIN21600', 11),
(2015, 21421725, 'MIN22100', 13),
(2015, 21421725, 'MIN22200', 8),
(2015, 21421725, 'MIN22300', 15),
(2015, 21421725, 'MIN22400', 16),
(2015, 21421725, 'MIN22500', 9),
(2015, 21421725, 'MIN22600', 9),
(2015, 21421725, 'MIN22700', 14),
(2015, 21424403, 'MIN21100', 9),
(2015, 21424403, 'MIN21200', 9),
(2015, 21424403, 'MIN21300', 8),
(2015, 21424403, 'MIN21400', 8),
(2015, 21424403, 'MIN21500', 9),
(2015, 21424403, 'MIN21600', 9),
(2015, 21424403, 'MIN22100', 13),
(2015, 21424403, 'MIN22200', 11),
(2015, 21424403, 'MIN22300', 12),
(2015, 21424403, 'MIN22400', 12),
(2015, 21424403, 'MIN22500', 11),
(2015, 21424403, 'MIN22600', 13),
(2015, 21424403, 'MIN22700', 5),
(2015, 21421695, 'MIN21100', 14),
(2015, 21421695, 'MIN21200', 14),
(2015, 21421695, 'MIN21300', 14),
(2015, 21421695, 'MIN21400', 12),
(2015, 21421695, 'MIN21500', 12),
(2015, 21421695, 'MIN21600', 11),
(2015, 21421695, 'MIN22100', 12),
(2015, 21421695, 'MIN22200', 10),
(2015, 21421695, 'MIN22300', 15),
(2015, 21421695, 'MIN22400', 14),
(2015, 21421695, 'MIN22500', 15),
(2015, 21421695, 'MIN22600', 10),
(2015, 21421695, 'MIN22700', 13),
(2015, 21421534, 'MIN21100', 10),
(2015, 21421534, 'MIN21200', 10),
(2015, 21421534, 'MIN21300', 8),
(2015, 21421534, 'MIN21400', 8),
(2015, 21421534, 'MIN21500', 8),
(2015, 21421534, 'MIN21600', 6),
(2015, 21421534, 'MIN22100', 12),
(2015, 21421534, 'MIN22200', 7),
(2015, 21421534, 'MIN22300', 13),
(2015, 21421534, 'MIN22400', 12),
(2015, 21421534, 'MIN22500', 10),
(2015, 21421534, 'MIN22600', 10),
(2015, 21421534, 'MIN22700', 12),
(2015, 21420278, 'MIN21100', 8),
(2015, 21420278, 'MIN21200', 9),
(2015, 21420278, 'MIN21300', 9),
(2015, 21420278, 'MIN21400', 8),
(2015, 21420278, 'MIN21500', 9),
(2015, 21420278, 'MIN21600', 6),
(2015, 21420278, 'MIN22100', 11),
(2015, 21420278, 'MIN22200', 9),
(2015, 21420278, 'MIN22300', 13),
(2015, 21420278, 'MIN22400', 12),
(2015, 21420278, 'MIN22500', 11),
(2015, 21420278, 'MIN22600', 8),
(2015, 21420278, 'MIN22700', 12),
(2015, 21420581, 'MIN21100', 17),
(2015, 21420581, 'MIN21200', 11),
(2015, 21420581, 'MIN21300', 15),
(2015, 21420581, 'MIN21400', 12),
(2015, 21420581, 'MIN21500', 12),
(2015, 21420581, 'MIN21600', 17),
(2015, 21420581, 'MIN22100', 19),
(2015, 21420581, 'MIN22200', 9),
(2015, 21420581, 'MIN22300', 12),
(2015, 21420581, 'MIN22400', 15),
(2015, 21420581, 'MIN22500', 11),
(2015, 21420581, 'MIN22600', 14),
(2015, 21420581, 'MIN22700', 7),
(2015, 21422597, 'MIN21100', 9),
(2015, 21422597, 'MIN21200', 8),
(2015, 21422597, 'MIN21300', 7),
(2015, 21422597, 'MIN21400', 5),
(2015, 21422597, 'MIN21500', 5),
(2015, 21422597, 'MIN21600', 3),
(2015, 21422597, 'MIN22100', 3),
(2015, 21422597, 'MIN22200', 4),
(2015, 21422597, 'MIN22300', 10),
(2015, 21422597, 'MIN22400', 11),
(2015, 21422597, 'MIN22500', 8),
(2015, 21422597, 'MIN22600', 9),
(2015, 21422597, 'MIN22700', 10),
(2015, 21420675, 'MIN21100', 12),
(2015, 21420675, 'MIN21200', 10),
(2015, 21420675, 'MIN21300', 12),
(2015, 21420675, 'MIN21400', 9),
(2015, 21420675, 'MIN21500', 10),
(2015, 21420675, 'MIN21600', 4),
(2015, 21420675, 'MIN22100', 9),
(2015, 21420675, 'MIN22200', 4),
(2015, 21420675, 'MIN22300', 12),
(2015, 21420675, 'MIN22400', 11),
(2015, 21420675, 'MIN22500', 12),
(2015, 21420675, 'MIN22600', 12),
(2015, 21420675, 'MIN22700', 13),
(2015, 21321339, 'MIN21100', 12),
(2015, 21321339, 'MIN21200', 13),
(2015, 21321339, 'MIN21300', 14),
(2015, 21321339, 'MIN21400', 14),
(2015, 21321339, 'MIN21500', 13),
(2015, 21321339, 'MIN21600', 10),
(2015, 21321339, 'MIN22100', 15),
(2015, 21321339, 'MIN22200', 15),
(2015, 21321339, 'MIN22300', 12),
(2015, 21321339, 'MIN22400', 16),
(2015, 21321339, 'MIN22500', 15),
(2015, 21321339, 'MIN22600', 12),
(2015, 21321339, 'MIN22700', 15),
(2015, 21321339, 'MIN2MSPO', 15),
(2015, 21424049, 'MIN21100', 10),
(2015, 21424049, 'MIN21200', 8),
(2015, 21424049, 'MIN21300', 11),
(2015, 21424049, 'MIN21400', 10),
(2015, 21424049, 'MIN21500', 8),
(2015, 21424049, 'MIN21600', 7),
(2015, 21424049, 'MIN22100', 12),
(2015, 21424049, 'MIN22200', 5),
(2015, 21424049, 'MIN22300', 11),
(2015, 21424049, 'MIN22400', 12),
(2015, 21424049, 'MIN22500', 8),
(2015, 21424049, 'MIN22600', 10),
(2015, 21424049, 'MIN22700', 11),
(2015, 21424746, 'MIN21100', 9),
(2015, 21424746, 'MIN21200', 9),
(2015, 21424746, 'MIN21300', 7),
(2015, 21424746, 'MIN21400', 8),
(2015, 21424746, 'MIN21500', 5),
(2015, 21424746, 'MIN21600', 10),
(2015, 21424746, 'MIN22100', 14),
(2015, 21424746, 'MIN22200', 9),
(2015, 21424746, 'MIN22300', 12),
(2015, 21424746, 'MIN22400', 15),
(2015, 21424746, 'MIN22500', 11),
(2015, 21424746, 'MIN22600', 9),
(2015, 21424746, 'MIN22700', 7),
(2015, 21323725, 'MIN21100', 14),
(2015, 21323725, 'MIN21200', 7),
(2015, 21323725, 'MIN21300', 15),
(2015, 21323725, 'MIN21400', 11),
(2015, 21323725, 'MIN21500', 13),
(2015, 21323725, 'MIN21600', 15),
(2015, 21323725, 'MIN22100', 17),
(2015, 21323725, 'MIN22200', 9),
(2015, 21323725, 'MIN22300', 14),
(2015, 21323725, 'MIN22400', 12),
(2015, 21323725, 'MIN22500', 11),
(2015, 21323725, 'MIN22600', 12),
(2015, 21323725, 'MIN22700', 14),
(2015, 21427190, 'MIN21100', 8),
(2015, 21427190, 'MIN21200', 8),
(2015, 21427190, 'MIN21300', 10),
(2015, 21427190, 'MIN21400', 9),
(2015, 21427190, 'MIN21500', 9),
(2015, 21427190, 'MIN21600', 7),
(2015, 21427190, 'MIN22100', 10),
(2015, 21427190, 'MIN22200', 6),
(2015, 21427190, 'MIN22300', 14),
(2015, 21427190, 'MIN22400', 12),
(2015, 21427190, 'MIN22500', 9),
(2015, 21427190, 'MIN22600', 8),
(2015, 21427190, 'MIN22700', 14),
(2015, 21424447, 'MIN21100', 8),
(2015, 21424447, 'MIN21200', 7),
(2015, 21424447, 'MIN21300', 9),
(2015, 21424447, 'MIN21400', 7),
(2015, 21424447, 'MIN21500', 7),
(2015, 21424447, 'MIN21600', 4),
(2015, 21424447, 'MIN22100', 8),
(2015, 21424447, 'MIN22200', 8),
(2015, 21424447, 'MIN22300', 8),
(2015, 21424447, 'MIN22400', 14),
(2015, 21424447, 'MIN22500', 9),
(2015, 21424447, 'MIN22600', 9),
(2015, 21424447, 'MIN22700', 2),
(2015, 21422353, 'MIN21100', 8),
(2015, 21422353, 'MIN21200', 10),
(2015, 21422353, 'MIN21300', 8),
(2015, 21422353, 'MIN21400', 12),
(2015, 21422353, 'MIN21500', 11),
(2015, 21422353, 'MIN21600', 5),
(2015, 21422353, 'MIN22100', 15),
(2015, 21422353, 'MIN22200', 5),
(2015, 21422353, 'MIN22300', 16),
(2015, 21422353, 'MIN22400', 15),
(2015, 21422353, 'MIN22500', 12),
(2015, 21422353, 'MIN22600', 12),
(2015, 21422353, 'MIN22700', 13),
(2015, 21422353, 'MIN2MSPO', 12),
(2015, 21420124, 'MIN21100', 14),
(2015, 21420124, 'MIN21200', 6),
(2015, 21420124, 'MIN21300', 10),
(2015, 21420124, 'MIN21400', 11),
(2015, 21420124, 'MIN21500', 11),
(2015, 21420124, 'MIN21600', 15),
(2015, 21420124, 'MIN22100', 11),
(2015, 21420124, 'MIN22200', 10),
(2015, 21420124, 'MIN22300', 14),
(2015, 21420124, 'MIN22400', 12),
(2015, 21420124, 'MIN22500', 15),
(2015, 21420124, 'MIN22600', 10),
(2015, 21420124, 'MIN22700', 13),
(2014, 21320324, 'MIN31100', 8),
(2014, 21320324, 'MIN31200', 7),
(2014, 21320324, 'MIN31300', 7),
(2014, 21320324, 'MIN31400', 11),
(2014, 21320324, 'MIN31500', 10),
(2014, 21320324, 'MIN31600', 10),
(2014, 21320324, 'MIN32100', 15),
(2014, 21320324, 'MIN32200', 15),
(2014, 21320324, 'MIN32300', 11),
(2014, 21320324, 'MIN32400', 17),
(2014, 21320324, 'MIN32500', 11),
(2014, 21320324, 'MIN32600', 9),
(2014, 21320324, 'MIN33100', 11),
(2014, 21320324, 'MIN33200', 13),
(2014, 21320324, 'MIN33300', 14),
(2014, 21320148, 'MIN31100', 13),
(2014, 21320148, 'MIN31200', 7),
(2014, 21320148, 'MIN31300', 11),
(2014, 21320148, 'MIN31400', 16),
(2014, 21320148, 'MIN31500', 12),
(2014, 21320148, 'MIN31600', 12),
(2014, 21320148, 'MIN32100', 10),
(2014, 21320148, 'MIN32200', 19),
(2014, 21320148, 'MIN32300', 5),
(2014, 21320148, 'MIN32400', 12),
(2014, 21320148, 'MIN32500', 12),
(2014, 21320148, 'MIN32600', 14),
(2014, 21320148, 'MIN33100', 11),
(2014, 21320148, 'MIN33200', 13),
(2014, 21320148, 'MIN33300', 13),
(2014, 21320117, 'MIN31100', 14),
(2014, 21320117, 'MIN31200', 18),
(2014, 21320117, 'MIN31300', 17),
(2014, 21320117, 'MIN31400', 16),
(2014, 21320117, 'MIN31500', 13),
(2014, 21320117, 'MIN31600', 13),
(2014, 21320117, 'MIN32100', 14),
(2014, 21320117, 'MIN32200', 19),
(2014, 21320117, 'MIN32300', 14),
(2014, 21320117, 'MIN32400', 17),
(2014, 21320117, 'MIN32500', 11),
(2014, 21320117, 'MIN32600', 13),
(2014, 21320117, 'MIN33100', 13),
(2014, 21320117, 'MIN33200', 15),
(2014, 21320117, 'MIN33300', 15),
(2014, 21321469, 'MIN31100', 11),
(2014, 21321469, 'MIN31200', 10),
(2014, 21321469, 'MIN31300', 6),
(2014, 21321469, 'MIN31400', 9),
(2014, 21321469, 'MIN31500', 6),
(2014, 21321469, 'MIN31600', 7),
(2014, 21321469, 'MIN32100', 16),
(2014, 21321469, 'MIN32200', 10),
(2014, 21321469, 'MIN32300', 12),
(2014, 21321469, 'MIN32400', 15),
(2014, 21321469, 'MIN32500', 13),
(2014, 21321469, 'MIN32600', 12),
(2014, 21321469, 'MIN33100', 12),
(2014, 21321469, 'MIN33200', 13),
(2014, 21321469, 'MIN33300', 12),
(2014, 21321086, 'MIN31100', 10),
(2014, 21321086, 'MIN31200', 8),
(2014, 21321086, 'MIN31300', 11),
(2014, 21321086, 'MIN31400', 11),
(2014, 21321086, 'MIN31500', 14),
(2014, 21321086, 'MIN31600', 9),
(2014, 21321086, 'MIN32100', 11),
(2014, 21321086, 'MIN32200', 12),
(2014, 21321086, 'MIN32300', 9),
(2014, 21321086, 'MIN32400', 11),
(2014, 21321086, 'MIN32500', 15),
(2014, 21321086, 'MIN32600', 16),
(2014, 21321086, 'MIN33100', 12),
(2014, 21321086, 'MIN33200', 15),
(2014, 21321086, 'MIN33300', 14),
(2014, 21322309, 'MIN31100', 7),
(2014, 21322309, 'MIN31200', 13),
(2014, 21322309, 'MIN31300', 8),
(2014, 21322309, 'MIN31400', 8),
(2014, 21322309, 'MIN31500', 9),
(2014, 21322309, 'MIN31600', 8),
(2014, 21322309, 'MIN32100', 12),
(2014, 21322309, 'MIN32200', 4),
(2014, 21322309, 'MIN32300', 11),
(2014, 21322309, 'MIN32400', 19),
(2014, 21322309, 'MIN32500', 11),
(2014, 21322309, 'MIN32600', 11),
(2014, 21322309, 'MIN33100', 13),
(2014, 21322309, 'MIN33200', 13),
(2014, 21322309, 'MIN33300', 13),
(2014, 21322309, 'MIN3MSPO', 15),
(2014, 21320506, 'MIN31100', 6),
(2014, 21320506, 'MIN31200', 3),
(2014, 21320506, 'MIN31300', 4),
(2014, 21320506, 'MIN31400', 8),
(2014, 21320506, 'MIN31500', 9),
(2014, 21320506, 'MIN31600', 8),
(2014, 21320506, 'MIN32100', 9),
(2014, 21320506, 'MIN32200', 9),
(2014, 21320506, 'MIN32300', 8),
(2014, 21320506, 'MIN32400', 11),
(2014, 21320506, 'MIN32500', 15),
(2014, 21320506, 'MIN32600', 14),
(2014, 21320506, 'MIN33100', 11),
(2014, 21320506, 'MIN33200', 13),
(2014, 21320506, 'MIN33300', 14),
(2014, 21320710, 'MIN31100', 15),
(2014, 21320710, 'MIN31200', 9),
(2014, 21320710, 'MIN31300', 2),
(2014, 21320710, 'MIN31400', 16),
(2014, 21320710, 'MIN31500', 17),
(2014, 21320710, 'MIN31600', 13),
(2014, 21320710, 'MIN32100', 10),
(2014, 21320710, 'MIN32200', 16),
(2014, 21320710, 'MIN32300', 9),
(2014, 21320710, 'MIN32400', 11),
(2014, 21320710, 'MIN32500', 10),
(2014, 21320710, 'MIN32600', 13),
(2014, 21320710, 'MIN33100', 12),
(2014, 21320710, 'MIN33200', 12),
(2014, 21320710, 'MIN33300', 11),
(2014, 21322271, 'MIN31100', 9),
(2014, 21322271, 'MIN31200', 11),
(2014, 21322271, 'MIN31300', 14),
(2014, 21322271, 'MIN31400', 10),
(2014, 21322271, 'MIN31500', 14),
(2014, 21322271, 'MIN31600', 10),
(2014, 21322271, 'MIN32100', 10),
(2014, 21322271, 'MIN32200', 8),
(2014, 21322271, 'MIN32300', 16),
(2014, 21322271, 'MIN32400', 14),
(2014, 21322271, 'MIN32500', 13),
(2014, 21322271, 'MIN32600', 14),
(2014, 21322271, 'MIN33100', 11),
(2014, 21322271, 'MIN33200', 15),
(2014, 21322271, 'MIN33300', 15),
(2014, 21321097, 'MIN31100', 10),
(2014, 21321097, 'MIN31200', 10),
(2014, 21321097, 'MIN31300', 8),
(2014, 21321097, 'MIN31400', 10),
(2014, 21321097, 'MIN31500', 10),
(2014, 21321097, 'MIN31600', 9),
(2014, 21321097, 'MIN32100', 8),
(2014, 21321097, 'MIN32200', 9),
(2014, 21321097, 'MIN32300', 6),
(2014, 21321097, 'MIN32400', 14),
(2014, 21321097, 'MIN32500', 12),
(2014, 21321097, 'MIN32600', 12),
(2014, 21321097, 'MIN33100', 10),
(2014, 21321097, 'MIN33200', 10),
(2014, 21321097, 'MIN33300', 13),
(2014, 21321097, 'MIN3MSPO', 15),
(2014, 21222061, 'MIN31100', 7),
(2014, 21222061, 'MIN31200', 11),
(2014, 21222061, 'MIN31300', 8),
(2014, 21222061, 'MIN31400', 10),
(2014, 21222061, 'MIN31500', 9),
(2014, 21222061, 'MIN31600', 10),
(2014, 21222061, 'MIN32100', 8),
(2014, 21222061, 'MIN32200', 5),
(2014, 21222061, 'MIN32300', 11),
(2014, 21222061, 'MIN32400', 14),
(2014, 21222061, 'MIN32500', 10),
(2014, 21222061, 'MIN32600', 11),
(2014, 21222061, 'MIN33100', 11),
(2014, 21222061, 'MIN33200', 12),
(2014, 21222061, 'MIN33300', 13),
(2014, 21321788, 'MIN31100', 5),
(2014, 21321788, 'MIN31200', 3),
(2014, 21321788, 'MIN31300', 2),
(2014, 21321788, 'MIN31400', 5),
(2014, 21321788, 'MIN31500', 1),
(2014, 21321788, 'MIN31600', 4),
(2014, 21321788, 'MIN32100', 5),
(2014, 21321788, 'MIN32200', 5),
(2014, 21321788, 'MIN32300', 9),
(2014, 21321788, 'MIN32400', 8),
(2014, 21321788, 'MIN32500', 4),
(2014, 21321788, 'MIN32600', 8),
(2014, 21321788, 'MIN33100', 9),
(2014, 21321788, 'MIN33200', 13),
(2014, 21321788, 'MIN33300', 8),
(2014, 21221595, 'MIN31100', 5),
(2014, 21221595, 'MIN31200', 7),
(2014, 21221595, 'MIN31300', 5),
(2014, 21221595, 'MIN31400', 5),
(2014, 21221595, 'MIN31500', 4),
(2014, 21221595, 'MIN31600', 4),
(2014, 21221595, 'MIN32100', 10),
(2014, 21221595, 'MIN32200', 12),
(2014, 21221595, 'MIN32300', 7),
(2014, 21221595, 'MIN32400', 10),
(2014, 21221595, 'MIN32500', 8),
(2014, 21221595, 'MIN32600', 8),
(2014, 21221595, 'MIN33100', 6),
(2014, 21221595, 'MIN33200', 8),
(2014, 21221595, 'MIN33300', 6),
(2014, 21320737, 'MIN31100', 15),
(2014, 21320737, 'MIN31200', 16),
(2014, 21320737, 'MIN31300', 16),
(2014, 21320737, 'MIN31400', 15),
(2014, 21320737, 'MIN31500', 17),
(2014, 21320737, 'MIN31600', 15),
(2014, 21320737, 'MIN32100', 14),
(2014, 21320737, 'MIN32200', 17),
(2014, 21320737, 'MIN32300', 10),
(2014, 21320737, 'MIN32400', 16),
(2014, 21320737, 'MIN32500', 11),
(2014, 21320737, 'MIN32600', 14),
(2014, 21320737, 'MIN33100', 14),
(2014, 21320737, 'MIN33200', 14),
(2014, 21320737, 'MIN33300', 13),
(2014, 21320737, 'MIN3MSPO', 12),
(2014, 21321459, 'MIN31100', 8),
(2014, 21321459, 'MIN31200', 9),
(2014, 21321459, 'MIN31300', 3),
(2014, 21321459, 'MIN31400', 11),
(2014, 21321459, 'MIN31500', 11),
(2014, 21321459, 'MIN31600', 9),
(2014, 21321459, 'MIN32100', 6),
(2014, 21321459, 'MIN32200', 10),
(2014, 21321459, 'MIN32300', 9),
(2014, 21321459, 'MIN32400', 9),
(2014, 21321459, 'MIN32500', 10),
(2014, 21321459, 'MIN32600', 8),
(2014, 21321459, 'MIN33100', 10),
(2014, 21321459, 'MIN33200', 8),
(2014, 21321459, 'MIN33300', 6),
(2014, 21322524, 'MIN31100', 13),
(2014, 21322524, 'MIN31200', 7),
(2014, 21322524, 'MIN31300', 14),
(2014, 21322524, 'MIN31400', 12),
(2014, 21322524, 'MIN31500', 14),
(2014, 21322524, 'MIN31600', 10),
(2014, 21322524, 'MIN32100', 5),
(2014, 21322524, 'MIN32200', 17),
(2014, 21322524, 'MIN32300', 12),
(2014, 21322524, 'MIN32400', 17),
(2014, 21322524, 'MIN32500', 12),
(2014, 21322524, 'MIN32600', 13),
(2014, 21322524, 'MIN33100', 11),
(2014, 21322524, 'MIN33200', 12),
(2014, 21322524, 'MIN33300', 13),
(2014, 21322524, 'MIN3MSPO', 13),
(2014, 21322293, 'MIN31100', 8),
(2014, 21322293, 'MIN31200', 10),
(2014, 21322293, 'MIN31300', 7),
(2014, 21322293, 'MIN31400', 12),
(2014, 21322293, 'MIN31500', 14),
(2014, 21322293, 'MIN31600', 8),
(2014, 21322293, 'MIN32100', 11),
(2014, 21322293, 'MIN32200', 12),
(2014, 21322293, 'MIN32300', 10),
(2014, 21322293, 'MIN32400', 10),
(2014, 21322293, 'MIN32500', 9),
(2014, 21322293, 'MIN32600', 11),
(2014, 21322293, 'MIN33100', 9),
(2014, 21322293, 'MIN33200', 8),
(2014, 21322293, 'MIN33300', 11),
(2014, 21322293, 'MIN3MSPO', 12),
(2014, 21320106, 'MIN31100', 11),
(2014, 21320106, 'MIN31200', 10),
(2014, 21320106, 'MIN31300', 6),
(2014, 21320106, 'MIN31400', 15),
(2014, 21320106, 'MIN31500', 12),
(2014, 21320106, 'MIN31600', 12),
(2014, 21320106, 'MIN32100', 6),
(2014, 21320106, 'MIN32200', 12),
(2014, 21320106, 'MIN32300', 10),
(2014, 21320106, 'MIN32400', 15),
(2014, 21320106, 'MIN32500', 12),
(2014, 21320106, 'MIN32600', 9),
(2014, 21320106, 'MIN33100', 12),
(2014, 21320106, 'MIN33200', 10),
(2014, 21320106, 'MIN33300', 14),
(2014, 21320106, 'MIN3MSPO', 12),
(2014, 21322105, 'MIN31100', 7),
(2014, 21322105, 'MIN31200', 4),
(2014, 21322105, 'MIN31300', 10),
(2014, 21322105, 'MIN31400', 7),
(2014, 21322105, 'MIN31500', 9),
(2014, 21322105, 'MIN31600', 10),
(2014, 21322105, 'MIN32100', 7),
(2014, 21322105, 'MIN32200', 19),
(2014, 21322105, 'MIN32300', 11),
(2014, 21322105, 'MIN32400', 6),
(2014, 21322105, 'MIN32500', 7),
(2014, 21322105, 'MIN32600', 10),
(2014, 21322105, 'MIN33100', 10),
(2014, 21322105, 'MIN33200', 12),
(2014, 21322105, 'MIN33300', 8),
(2014, 21320021, 'MIN31100', 19),
(2014, 21320021, 'MIN31200', 15),
(2014, 21320021, 'MIN31300', 20),
(2014, 21320021, 'MIN31400', 19),
(2014, 21320021, 'MIN31500', 20),
(2014, 21320021, 'MIN31600', 14),
(2014, 21320021, 'MIN32100', 15),
(2014, 21320021, 'MIN32200', 17),
(2014, 21320021, 'MIN32300', 14),
(2014, 21320021, 'MIN32400', 18),
(2014, 21320021, 'MIN32500', 16),
(2014, 21320021, 'MIN32600', 14),
(2014, 21320021, 'MIN33100', 15),
(2014, 21320021, 'MIN33200', 15),
(2014, 21320021, 'MIN33300', 16),
(2014, 21321089, 'MIN31100', 9),
(2014, 21321089, 'MIN31200', 16),
(2014, 21321089, 'MIN31300', 4),
(2014, 21321089, 'MIN31400', 10),
(2014, 21321089, 'MIN31500', 12),
(2014, 21321089, 'MIN31600', 10),
(2014, 21321089, 'MIN32100', 11),
(2014, 21321089, 'MIN32200', 5),
(2014, 21321089, 'MIN32300', 14),
(2014, 21321089, 'MIN32400', 12),
(2014, 21321089, 'MIN32500', 9),
(2014, 21321089, 'MIN32600', 11),
(2014, 21321089, 'MIN33100', 11),
(2014, 21321089, 'MIN33200', 10),
(2014, 21321089, 'MIN33300', 12),
(2014, 21320728, 'MIN31100', 12),
(2014, 21320728, 'MIN31200', 10),
(2014, 21320728, 'MIN31300', 12),
(2014, 21320728, 'MIN31400', 15),
(2014, 21320728, 'MIN31500', 14),
(2014, 21320728, 'MIN31600', 13),
(2014, 21320728, 'MIN32100', 10),
(2014, 21320728, 'MIN32200', 16),
(2014, 21320728, 'MIN32300', 11),
(2014, 21320728, 'MIN32400', 14),
(2014, 21320728, 'MIN32500', 12),
(2014, 21320728, 'MIN32600', 12),
(2014, 21320728, 'MIN33100', 13),
(2014, 21320728, 'MIN33200', 12),
(2014, 21320728, 'MIN33300', 15),
(2014, 21321082, 'MIN31100', 6),
(2014, 21321082, 'MIN31200', 4),
(2014, 21321082, 'MIN31300', 0),
(2014, 21321082, 'MIN31400', 7),
(2014, 21321082, 'MIN31500', 3),
(2014, 21321082, 'MIN31600', 6),
(2014, 21321082, 'MIN32100', 9),
(2014, 21321082, 'MIN32200', 9),
(2014, 21321082, 'MIN32300', 9),
(2014, 21321082, 'MIN32400', 11),
(2014, 21321082, 'MIN32500', 9),
(2014, 21321082, 'MIN32600', 12),
(2014, 21321082, 'MIN33100', 11),
(2014, 21321082, 'MIN33200', 11),
(2014, 21321082, 'MIN33300', 10),
(2014, 21320744, 'MIN31100', 5),
(2014, 21320744, 'MIN31200', 5),
(2014, 21320744, 'MIN31300', 2),
(2014, 21320744, 'MIN31400', 7),
(2014, 21320744, 'MIN31500', 6),
(2014, 21320744, 'MIN31600', 7),
(2014, 21320744, 'MIN32100', 10),
(2014, 21320744, 'MIN32200', 11),
(2014, 21320744, 'MIN32300', 11),
(2014, 21320744, 'MIN32400', 13),
(2014, 21320744, 'MIN32500', 11),
(2014, 21320744, 'MIN32600', 12),
(2014, 21320744, 'MIN33100', 10),
(2014, 21320744, 'MIN33200', 8),
(2014, 21320744, 'MIN33300', 13),
(2014, 21320150, 'MIN31100', 10),
(2014, 21320150, 'MIN31200', 12),
(2014, 21320150, 'MIN31300', 7),
(2014, 21320150, 'MIN31400', 10),
(2014, 21320150, 'MIN31500', 13),
(2014, 21320150, 'MIN31600', 8),
(2014, 21320150, 'MIN32100', 10),
(2014, 21320150, 'MIN32200', 10),
(2014, 21320150, 'MIN32300', 12),
(2014, 21320150, 'MIN32400', 13),
(2014, 21320150, 'MIN32500', 11),
(2014, 21320150, 'MIN32600', 12),
(2014, 21320150, 'MIN33100', 12),
(2014, 21320150, 'MIN33200', 12),
(2014, 21320150, 'MIN33300', 15),
(2014, 21220933, 'MIN31100', 12),
(2014, 21220933, 'MIN31200', 9),
(2014, 21220933, 'MIN31300', 6),
(2014, 21220933, 'MIN31400', 15),
(2014, 21220933, 'MIN31500', 10),
(2014, 21220933, 'MIN31600', 12),
(2014, 21220933, 'MIN32100', 10),
(2014, 21220933, 'MIN32200', 19),
(2014, 21220933, 'MIN32300', 9),
(2014, 21220933, 'MIN32400', 12),
(2014, 21220933, 'MIN32500', 14),
(2014, 21220933, 'MIN32600', 15),
(2014, 21220933, 'MIN33100', 13),
(2014, 21220933, 'MIN33200', 13),
(2014, 21220933, 'MIN33300', 13),
(2014, 21320673, 'MIN31100', 15),
(2014, 21320673, 'MIN31200', 19),
(2014, 21320673, 'MIN31300', 18),
(2014, 21320673, 'MIN31400', 17),
(2014, 21320673, 'MIN31500', 16),
(2014, 21320673, 'MIN31600', 14),
(2014, 21320673, 'MIN32100', 18),
(2014, 21320673, 'MIN32200', 19),
(2014, 21320673, 'MIN32300', 15),
(2014, 21320673, 'MIN32400', 18),
(2014, 21320673, 'MIN32500', 12),
(2014, 21320673, 'MIN32600', 15),
(2014, 21320673, 'MIN33100', 12),
(2014, 21320673, 'MIN33200', 14),
(2014, 21320673, 'MIN33300', 14),
(2014, 21320374, 'MIN31100', 9),
(2014, 21320374, 'MIN31200', 9),
(2014, 21320374, 'MIN31300', 13),
(2014, 21320374, 'MIN31400', 11),
(2014, 21320374, 'MIN31500', 9),
(2014, 21320374, 'MIN31600', 10),
(2014, 21320374, 'MIN32100', 13),
(2014, 21320374, 'MIN32200', 12),
(2014, 21320374, 'MIN32300', 9),
(2014, 21320374, 'MIN32400', 12),
(2014, 21320374, 'MIN32500', 13),
(2014, 21320374, 'MIN32600', 12),
(2014, 21320374, 'MIN33100', 10),
(2014, 21320374, 'MIN33200', 12),
(2014, 21320374, 'MIN33300', 15),
(2014, 21320481, 'MIN31100', 14),
(2014, 21320481, 'MIN31200', 12),
(2014, 21320481, 'MIN31300', 16),
(2014, 21320481, 'MIN31400', 19),
(2014, 21320481, 'MIN31500', 17),
(2014, 21320481, 'MIN31600', 15),
(2014, 21320481, 'MIN32100', 8),
(2014, 21320481, 'MIN32200', 16),
(2014, 21320481, 'MIN32300', 13),
(2014, 21320481, 'MIN32400', 14),
(2014, 21320481, 'MIN32500', 15),
(2014, 21320481, 'MIN32600', 14),
(2014, 21320481, 'MIN33100', 12),
(2014, 21320481, 'MIN33200', 16),
(2014, 21320481, 'MIN33300', 16),
(2014, 21321072, 'MIN31100', 19),
(2014, 21321072, 'MIN31200', 17),
(2014, 21321072, 'MIN31300', 20),
(2014, 21321072, 'MIN31400', 15),
(2014, 21321072, 'MIN31500', 17),
(2014, 21321072, 'MIN31600', 14),
(2014, 21321072, 'MIN32100', 16),
(2014, 21321072, 'MIN32200', 17),
(2014, 21321072, 'MIN32300', 13),
(2014, 21321072, 'MIN32400', 17),
(2014, 21321072, 'MIN32500', 14),
(2014, 21321072, 'MIN32600', 12),
(2014, 21321072, 'MIN33100', 12),
(2014, 21321072, 'MIN33200', 13),
(2014, 21321072, 'MIN33300', 15),
(2014, 21320250, 'MIN31100', 9),
(2014, 21320250, 'MIN31200', 9),
(2014, 21320250, 'MIN31300', 15),
(2014, 21320250, 'MIN31400', 8),
(2014, 21320250, 'MIN31500', 10),
(2014, 21320250, 'MIN31600', 9),
(2014, 21320250, 'MIN32100', 10),
(2014, 21320250, 'MIN32200', 8),
(2014, 21320250, 'MIN32300', 12),
(2014, 21320250, 'MIN32400', 18),
(2014, 21320250, 'MIN32500', 14),
(2014, 21320250, 'MIN32600', 15),
(2014, 21320250, 'MIN33100', 12),
(2014, 21320250, 'MIN33200', 13),
(2014, 21320250, 'MIN33300', 16),
(2014, 21320250, 'MIN3MSPO', 14),
(2014, 21320539, 'MIN31100', 9),
(2014, 21320539, 'MIN31200', 9),
(2014, 21320539, 'MIN31300', 14),
(2014, 21320539, 'MIN31400', 8),
(2014, 21320539, 'MIN31500', 9),
(2014, 21320539, 'MIN31600', 7),
(2014, 21320539, 'MIN32100', 10),
(2014, 21320539, 'MIN32200', 7),
(2014, 21320539, 'MIN32300', 11),
(2014, 21320539, 'MIN32400', 16),
(2014, 21320539, 'MIN32500', 14),
(2014, 21320539, 'MIN32600', 12),
(2014, 21320539, 'MIN33100', 13),
(2014, 21320539, 'MIN33200', 13),
(2014, 21320539, 'MIN33300', 13),
(2014, 21320539, 'MIN3MSPO', 15),
(2014, 21320662, 'MIN31100', 13),
(2014, 21320662, 'MIN31200', 13),
(2014, 21320662, 'MIN31300', 15),
(2014, 21320662, 'MIN31400', 18),
(2014, 21320662, 'MIN31500', 13),
(2014, 21320662, 'MIN31600', 14),
(2014, 21320662, 'MIN32100', 13),
(2014, 21320662, 'MIN32200', 17),
(2014, 21320662, 'MIN32300', 8),
(2014, 21320662, 'MIN32400', 11),
(2014, 21320662, 'MIN32500', 11),
(2014, 21320662, 'MIN32600', 10),
(2014, 21320662, 'MIN33100', 11),
(2014, 21320662, 'MIN33200', 13),
(2014, 21320662, 'MIN33300', 12),
(2014, 21320334, 'MIN31100', 5),
(2014, 21320334, 'MIN31200', 8),
(2014, 21320334, 'MIN31300', 14),
(2014, 21320334, 'MIN31400', 7),
(2014, 21320334, 'MIN31500', 6),
(2014, 21320334, 'MIN31600', 8),
(2014, 21320334, 'MIN32100', 13),
(2014, 21320334, 'MIN32200', 13),
(2014, 21320334, 'MIN32300', 11),
(2014, 21320334, 'MIN32400', 11),
(2014, 21320334, 'MIN32500', 11),
(2014, 21320334, 'MIN32600', 11),
(2014, 21320334, 'MIN33100', 10),
(2014, 21320334, 'MIN33200', 12),
(2014, 21320334, 'MIN33300', 13),
(2014, 21320601, 'MIN31100', 12),
(2014, 21320601, 'MIN31200', 10),
(2014, 21320601, 'MIN31300', 12),
(2014, 21320601, 'MIN31400', 11),
(2014, 21320601, 'MIN31500', 14),
(2014, 21320601, 'MIN31600', 13),
(2014, 21320601, 'MIN32100', 10),
(2014, 21320601, 'MIN32200', 17),
(2014, 21320601, 'MIN32300', 11),
(2014, 21320601, 'MIN32400', 9),
(2014, 21320601, 'MIN32500', 13),
(2014, 21320601, 'MIN32600', 16),
(2014, 21320601, 'MIN33100', 11),
(2014, 21320601, 'MIN33200', 13),
(2014, 21320601, 'MIN33300', 12),
(2014, 21320210, 'MIN31100', 6),
(2014, 21320210, 'MIN31200', 8),
(2014, 21320210, 'MIN31300', 3),
(2014, 21320210, 'MIN31400', 7),
(2014, 21320210, 'MIN31500', 7),
(2014, 21320210, 'MIN31600', 10),
(2014, 21320210, 'MIN32100', 11),
(2014, 21320210, 'MIN32200', 11),
(2014, 21320210, 'MIN32300', 10),
(2014, 21320210, 'MIN32400', 10),
(2014, 21320210, 'MIN32500', 9),
(2014, 21320210, 'MIN32600', 8),
(2014, 21320210, 'MIN33100', 10),
(2014, 21320210, 'MIN33200', 13),
(2014, 21320210, 'MIN33300', 10),
(2014, 21320210, 'MIN3MSPO', 14),
(2014, 21320247, 'MIN31100', 10),
(2014, 21320247, 'MIN31200', 8),
(2014, 21320247, 'MIN31300', 13),
(2014, 21320247, 'MIN31400', 14),
(2014, 21320247, 'MIN31500', 7),
(2014, 21320247, 'MIN31600', 11),
(2014, 21320247, 'MIN32100', 13),
(2014, 21320247, 'MIN32200', 13),
(2014, 21320247, 'MIN32300', 10),
(2014, 21320247, 'MIN32400', 11),
(2014, 21320247, 'MIN32500', 7),
(2014, 21320247, 'MIN32600', 11),
(2014, 21320247, 'MIN33100', 11),
(2014, 21320247, 'MIN33200', 14),
(2014, 21320247, 'MIN33300', 11),
(2014, 21320247, 'MIN3MSPO', 11),
(2014, 21221002, 'MIN31100', 3),
(2014, 21221002, 'MIN31200', 9),
(2014, 21221002, 'MIN31300', 5),
(2014, 21221002, 'MIN31400', 7),
(2014, 21221002, 'MIN31500', 8),
(2014, 21221002, 'MIN31600', 8),
(2014, 21221002, 'MIN32100', 6),
(2014, 21221002, 'MIN32200', 8),
(2014, 21221002, 'MIN32300', 11),
(2014, 21221002, 'MIN32400', 9),
(2014, 21221002, 'MIN32500', 5),
(2014, 21221002, 'MIN32600', 6),
(2014, 21221002, 'MIN33100', 10),
(2014, 21221002, 'MIN33200', 7),
(2014, 21221002, 'MIN33300', 0),
(2014, 21221002, 'MIN3MSPO', 6),
(2014, 21320258, 'MIN31100', 14),
(2014, 21320258, 'MIN31200', 15),
(2014, 21320258, 'MIN31300', 17),
(2014, 21320258, 'MIN31400', 15),
(2014, 21320258, 'MIN31500', 17),
(2014, 21320258, 'MIN31600', 13),
(2014, 21320258, 'MIN32100', 17),
(2014, 21320258, 'MIN32200', 17),
(2014, 21320258, 'MIN32300', 8),
(2014, 21320258, 'MIN32400', 11),
(2014, 21320258, 'MIN32500', 9),
(2014, 21320258, 'MIN32600', 12),
(2014, 21320258, 'MIN33100', 10),
(2014, 21320258, 'MIN33200', 16),
(2014, 21320258, 'MIN33300', 13),
(2014, 21320258, 'MIN3MSPO', 15),
(2014, 21220769, 'MIN31100', 7),
(2014, 21220769, 'MIN31200', 7),
(2014, 21220769, 'MIN31300', 7),
(2014, 21220769, 'MIN31400', 8),
(2014, 21220769, 'MIN31500', 4),
(2014, 21220769, 'MIN31600', 7),
(2014, 21220769, 'MIN32100', 5),
(2014, 21220769, 'MIN32200', 8),
(2014, 21220769, 'MIN32300', 9),
(2014, 21220769, 'MIN32400', 11),
(2014, 21220769, 'MIN32500', 10),
(2014, 21220769, 'MIN32600', 9),
(2014, 21220769, 'MIN33100', 12),
(2014, 21220769, 'MIN33200', 13),
(2014, 21220769, 'MIN33300', 15),
(2014, 21321642, 'MIN31100', 10),
(2014, 21321642, 'MIN31200', 12),
(2014, 21321642, 'MIN31300', 11),
(2014, 21321642, 'MIN31400', 7),
(2014, 21321642, 'MIN31500', 6),
(2014, 21321642, 'MIN31600', 8),
(2014, 21321642, 'MIN32100', 12),
(2014, 21321642, 'MIN32200', 10),
(2014, 21321642, 'MIN32300', 8),
(2014, 21321642, 'MIN32400', 13),
(2014, 21321642, 'MIN32500', 9),
(2014, 21321642, 'MIN32600', 10),
(2014, 21321642, 'MIN33100', 12),
(2014, 21321642, 'MIN33200', 10),
(2014, 21321642, 'MIN33300', 14),
(2014, 21322261, 'MIN31100', 13),
(2014, 21322261, 'MIN31200', 14),
(2014, 21322261, 'MIN31300', 15),
(2014, 21322261, 'MIN31400', 18),
(2014, 21322261, 'MIN31500', 17),
(2014, 21322261, 'MIN31600', 14),
(2014, 21322261, 'MIN32100', 13),
(2014, 21322261, 'MIN32200', 16),
(2014, 21322261, 'MIN32300', 13),
(2014, 21322261, 'MIN32400', 14),
(2014, 21322261, 'MIN32500', 12),
(2014, 21322261, 'MIN32600', 11),
(2014, 21322261, 'MIN33100', 12),
(2014, 21322261, 'MIN33200', 13),
(2014, 21322261, 'MIN33300', 16),
(2014, 21321313, 'MIN31100', 5),
(2014, 21321313, 'MIN31200', 5),
(2014, 21321313, 'MIN31300', 6),
(2014, 21321313, 'MIN31400', 8),
(2014, 21321313, 'MIN31500', 6),
(2014, 21321313, 'MIN31600', 6),
(2014, 21321313, 'MIN32100', 5),
(2014, 21321313, 'MIN32200', 5),
(2014, 21321313, 'MIN32300', 8),
(2014, 21321313, 'MIN32400', 11),
(2014, 21321313, 'MIN32500', 11),
(2014, 21321313, 'MIN32600', 12),
(2014, 21321313, 'MIN33100', 11),
(2014, 21321313, 'MIN33200', 15),
(2014, 21321313, 'MIN33300', 9),
(2014, 21322072, 'MIN31100', 7),
(2014, 21322072, 'MIN31200', 12),
(2014, 21322072, 'MIN31300', 6),
(2014, 21322072, 'MIN31400', 9),
(2014, 21322072, 'MIN31500', 12),
(2014, 21322072, 'MIN31600', 10),
(2014, 21322072, 'MIN32100', 10),
(2014, 21322072, 'MIN32200', 6),
(2014, 21322072, 'MIN32300', 11),
(2014, 21322072, 'MIN32400', 14),
(2014, 21322072, 'MIN32500', 10),
(2014, 21322072, 'MIN32600', 11),
(2014, 21322072, 'MIN33100', 11),
(2014, 21322072, 'MIN33200', 10),
(2014, 21322072, 'MIN33300', 13),
(2014, 21322072, 'MIN3MSPO', 11),
(2014, 21322467, 'MIN31100', 7),
(2014, 21322467, 'MIN31200', 7),
(2014, 21322467, 'MIN31300', 8),
(2014, 21322467, 'MIN31400', 10),
(2014, 21322467, 'MIN31500', 5),
(2014, 21322467, 'MIN31600', 8),
(2014, 21322467, 'MIN32100', 12),
(2014, 21322467, 'MIN32200', 10),
(2014, 21322467, 'MIN32300', 5),
(2014, 21322467, 'MIN32400', 10),
(2014, 21322467, 'MIN32500', 10),
(2014, 21322467, 'MIN32600', 10),
(2014, 21322467, 'MIN33100', 10),
(2014, 21322467, 'MIN33200', 11),
(2014, 21322467, 'MIN33300', 11),
(2014, 21320720, 'MIN31100', 14),
(2014, 21320720, 'MIN31200', 14),
(2014, 21320720, 'MIN31300', 17),
(2014, 21320720, 'MIN31400', 17),
(2014, 21320720, 'MIN31500', 12),
(2014, 21320720, 'MIN31600', 11),
(2014, 21320720, 'MIN32100', 10),
(2014, 21320720, 'MIN32200', 12),
(2014, 21320720, 'MIN32300', 12),
(2014, 21320720, 'MIN32400', 15),
(2014, 21320720, 'MIN32500', 12),
(2014, 21320720, 'MIN32600', 10),
(2014, 21320720, 'MIN33100', 13),
(2014, 21320720, 'MIN33200', 11),
(2014, 21320720, 'MIN33300', 16),
(2014, 21320072, 'MIN31100', 8),
(2014, 21320072, 'MIN31200', 9),
(2014, 21320072, 'MIN31300', 2),
(2014, 21320072, 'MIN31400', 9),
(2014, 21320072, 'MIN31500', 10),
(2014, 21320072, 'MIN31600', 6),
(2014, 21320072, 'MIN32100', 7),
(2014, 21320072, 'MIN32200', 6),
(2014, 21320072, 'MIN32300', 12),
(2014, 21320072, 'MIN32400', 14),
(2014, 21320072, 'MIN32500', 15),
(2014, 21320072, 'MIN32600', 11),
(2014, 21320072, 'MIN33100', 11),
(2014, 21320072, 'MIN33200', 15),
(2014, 21320072, 'MIN33300', 14),
(2014, 21220967, 'MIN31100', 6),
(2014, 21220967, 'MIN31200', 9),
(2014, 21220967, 'MIN31300', 4),
(2014, 21220967, 'MIN31400', 7),
(2014, 21220967, 'MIN31500', 5),
(2014, 21220967, 'MIN31600', 9),
(2014, 21220967, 'MIN32100', 14),
(2014, 21220967, 'MIN32200', 8),
(2014, 21220967, 'MIN32300', 7),
(2014, 21220967, 'MIN32400', 16),
(2014, 21220967, 'MIN32500', 7),
(2014, 21220967, 'MIN32600', 10),
(2014, 21220967, 'MIN33100', 10),
(2014, 21220967, 'MIN33200', 12),
(2014, 21220967, 'MIN33300', 11),
(2014, 21220967, 'MIN3MSPO', 14),
(2014, 21321964, 'MIN31100', 11),
(2014, 21321964, 'MIN31200', 8),
(2014, 21321964, 'MIN31300', 8),
(2014, 21321964, 'MIN31400', 16),
(2014, 21321964, 'MIN31500', 8),
(2014, 21321964, 'MIN31600', 11),
(2014, 21321964, 'MIN32100', 13),
(2014, 21321964, 'MIN32200', 12),
(2014, 21321964, 'MIN32300', 14),
(2014, 21321964, 'MIN32400', 18),
(2014, 21321964, 'MIN32500', 9),
(2014, 21321964, 'MIN32600', 12),
(2014, 21321964, 'MIN33100', 13),
(2014, 21321964, 'MIN33200', 12),
(2014, 21321964, 'MIN33300', 10),
(2014, 21322032, 'MIN31100', 11),
(2014, 21322032, 'MIN31200', 7),
(2014, 21322032, 'MIN31300', 15),
(2014, 21322032, 'MIN31400', 10),
(2014, 21322032, 'MIN31500', 8),
(2014, 21322032, 'MIN31600', 9),
(2014, 21322032, 'MIN32100', 14),
(2014, 21322032, 'MIN32200', 15),
(2014, 21322032, 'MIN32300', 9),
(2014, 21322032, 'MIN32400', 13),
(2014, 21322032, 'MIN32500', 12),
(2014, 21322032, 'MIN32600', 14),
(2014, 21322032, 'MIN33100', 9),
(2014, 21322032, 'MIN33200', 15),
(2014, 21322032, 'MIN33300', 14),
(2014, 21320101, 'MIN31100', 11),
(2014, 21320101, 'MIN31200', 8),
(2014, 21320101, 'MIN31300', 10),
(2014, 21320101, 'MIN31400', 10),
(2014, 21320101, 'MIN31500', 12),
(2014, 21320101, 'MIN31600', 10),
(2014, 21320101, 'MIN32100', 13),
(2014, 21320101, 'MIN32200', 10),
(2014, 21320101, 'MIN32300', 13),
(2014, 21320101, 'MIN32400', 17),
(2014, 21320101, 'MIN32500', 15),
(2014, 21320101, 'MIN32600', 14),
(2014, 21320101, 'MIN33100', 13),
(2014, 21320101, 'MIN33200', 10),
(2014, 21320101, 'MIN33300', 14),
(2014, 21320101, 'MIN3MSPO', 14),
(2014, 21321464, 'MIN31100', 7),
(2014, 21321464, 'MIN31200', 9),
(2014, 21321464, 'MIN31300', 6),
(2014, 21321464, 'MIN31400', 11),
(2014, 21321464, 'MIN31500', 10),
(2014, 21321464, 'MIN31600', 9),
(2014, 21321464, 'MIN32100', 8),
(2014, 21321464, 'MIN32200', 11),
(2014, 21321464, 'MIN32300', 7),
(2014, 21321464, 'MIN32400', 11),
(2014, 21321464, 'MIN32500', 12),
(2014, 21321464, 'MIN32600', 8),
(2014, 21321464, 'MIN33100', 12),
(2014, 21321464, 'MIN33200', 16),
(2014, 21321464, 'MIN33300', 11),
(2014, 21322136, 'MIN31100', 9),
(2014, 21322136, 'MIN31200', 6),
(2014, 21322136, 'MIN31300', 2),
(2014, 21322136, 'MIN31400', 10),
(2014, 21322136, 'MIN31500', 11),
(2014, 21322136, 'MIN31600', 12),
(2014, 21322136, 'MIN32100', 3),
(2014, 21322136, 'MIN32200', 10),
(2014, 21322136, 'MIN32300', 6),
(2014, 21322136, 'MIN32400', 15),
(2014, 21322136, 'MIN32500', 14),
(2014, 21322136, 'MIN32600', 13),
(2014, 21322136, 'MIN33100', 11),
(2014, 21322136, 'MIN33200', 15),
(2014, 21322136, 'MIN33300', 15),
(2014, 21320206, 'MIN31100', 9),
(2014, 21320206, 'MIN31200', 9),
(2014, 21320206, 'MIN31300', 9),
(2014, 21320206, 'MIN31400', 8),
(2014, 21320206, 'MIN31500', 8),
(2014, 21320206, 'MIN31600', 7),
(2014, 21320206, 'MIN32100', 10),
(2014, 21320206, 'MIN32200', 8),
(2014, 21320206, 'MIN32300', 13),
(2014, 21320206, 'MIN32400', 14),
(2014, 21320206, 'MIN32500', 11),
(2014, 21320206, 'MIN32600', 11),
(2014, 21320206, 'MIN33100', 9),
(2014, 21320206, 'MIN33200', 13),
(2014, 21320206, 'MIN33300', 14),
(2014, 21322113, 'MIN31100', 11),
(2014, 21322113, 'MIN31200', 8),
(2014, 21322113, 'MIN31300', 13),
(2014, 21322113, 'MIN31400', 12),
(2014, 21322113, 'MIN31500', 9),
(2014, 21322113, 'MIN31600', 10),
(2014, 21322113, 'MIN32100', 10),
(2014, 21322113, 'MIN32200', 17),
(2014, 21322113, 'MIN32300', 9),
(2014, 21322113, 'MIN32400', 14),
(2014, 21322113, 'MIN32500', 11),
(2014, 21322113, 'MIN32600', 7),
(2014, 21322113, 'MIN33100', 12),
(2014, 21322113, 'MIN33200', 14),
(2014, 21322113, 'MIN33300', 11),
(2014, 21320126, 'MIN31100', 10),
(2014, 21320126, 'MIN31200', 7),
(2014, 21320126, 'MIN31300', 6),
(2014, 21320126, 'MIN31400', 9),
(2014, 21320126, 'MIN31500', 6),
(2014, 21320126, 'MIN31600', 10),
(2014, 21320126, 'MIN32100', 8),
(2014, 21320126, 'MIN32200', 9),
(2014, 21320126, 'MIN32300', 10),
(2014, 21320126, 'MIN32400', 15),
(2014, 21320126, 'MIN32500', 11),
(2014, 21320126, 'MIN32600', 9),
(2014, 21320126, 'MIN33100', 12);
INSERT INTO `mark` (`year`, `student`, `module`, `mark`) VALUES
(2014, 21320126, 'MIN33200', 12),
(2014, 21320126, 'MIN33300', 15),
(2014, 21321339, 'MIN31100', 5),
(2014, 21321339, 'MIN31200', 8),
(2014, 21321339, 'MIN31300', 4),
(2014, 21321339, 'MIN31400', 7),
(2014, 21321339, 'MIN31500', 7),
(2014, 21321339, 'MIN31600', 6),
(2014, 21321339, 'MIN32100', 7),
(2014, 21321339, 'MIN32200', 10),
(2014, 21321339, 'MIN32300', 9),
(2014, 21321339, 'MIN32400', 11),
(2014, 21321339, 'MIN32500', 9),
(2014, 21321339, 'MIN32600', 9),
(2014, 21321339, 'MIN33100', 10),
(2014, 21321339, 'MIN33200', 8),
(2014, 21321339, 'MIN33300', 9),
(2014, 21321339, 'MIN3MSPO', 15),
(2014, 21322095, 'MIN31100', 6),
(2014, 21322095, 'MIN31200', 6),
(2014, 21322095, 'MIN31300', 14),
(2014, 21322095, 'MIN31400', 13),
(2014, 21322095, 'MIN31500', 11),
(2014, 21322095, 'MIN31600', 10),
(2014, 21322095, 'MIN32100', 12),
(2014, 21322095, 'MIN32200', 14),
(2014, 21322095, 'MIN32300', 9),
(2014, 21322095, 'MIN32400', 11),
(2014, 21322095, 'MIN32500', 10),
(2014, 21322095, 'MIN32600', 8),
(2014, 21322095, 'MIN33100', 11),
(2014, 21322095, 'MIN33200', 12),
(2014, 21322095, 'MIN33300', 13),
(2014, 21323725, 'MIN31100', 5),
(2014, 21323725, 'MIN31200', 4),
(2014, 21323725, 'MIN31300', 4),
(2014, 21323725, 'MIN31400', 6),
(2014, 21323725, 'MIN31500', 5),
(2014, 21323725, 'MIN31600', 7),
(2014, 21323725, 'MIN32100', 8),
(2014, 21323725, 'MIN32200', 5),
(2014, 21323725, 'MIN32300', 9),
(2014, 21323725, 'MIN32400', 10),
(2014, 21323725, 'MIN32500', 10),
(2014, 21323725, 'MIN32600', 13),
(2014, 21323725, 'MIN33100', 11),
(2014, 21323725, 'MIN33200', 12),
(2014, 21323725, 'MIN33300', 14),
(2014, 21322078, 'MIN31100', 8),
(2014, 21322078, 'MIN31200', 10),
(2014, 21322078, 'MIN31300', 7),
(2014, 21322078, 'MIN31400', 9),
(2014, 21322078, 'MIN31500', 7),
(2014, 21322078, 'MIN31600', 8),
(2014, 21322078, 'MIN32100', 6),
(2014, 21322078, 'MIN32200', 12),
(2014, 21322078, 'MIN32300', 8),
(2014, 21322078, 'MIN32400', 11),
(2014, 21322078, 'MIN32500', 8),
(2014, 21322078, 'MIN32600', 9),
(2014, 21322078, 'MIN33100', 9),
(2014, 21322078, 'MIN33200', 11),
(2014, 21322078, 'MIN33300', 13),
(2014, 21321075, 'MIN31100', 10),
(2014, 21321075, 'MIN31200', 8),
(2014, 21321075, 'MIN31300', 6),
(2014, 21321075, 'MIN31400', 10),
(2014, 21321075, 'MIN31500', 14),
(2014, 21321075, 'MIN31600', 11),
(2014, 21321075, 'MIN32100', 16),
(2014, 21321075, 'MIN32200', 9),
(2014, 21321075, 'MIN32300', 8),
(2014, 21321075, 'MIN32400', 13),
(2014, 21321075, 'MIN32500', 13),
(2014, 21321075, 'MIN32600', 16),
(2014, 21321075, 'MIN33100', 11),
(2014, 21321075, 'MIN33200', 10),
(2014, 21321075, 'MIN33300', 12),
(2014, 21322103, 'MIN31100', 16),
(2014, 21322103, 'MIN31200', 10),
(2014, 21322103, 'MIN31300', 14),
(2014, 21322103, 'MIN31400', 15),
(2014, 21322103, 'MIN31500', 13),
(2014, 21322103, 'MIN31600', 12),
(2014, 21322103, 'MIN32100', 11),
(2014, 21322103, 'MIN32200', 17),
(2014, 21322103, 'MIN32300', 12),
(2014, 21322103, 'MIN32400', 13),
(2014, 21322103, 'MIN32500', 11),
(2014, 21322103, 'MIN32600', 10),
(2014, 21322103, 'MIN33100', 12),
(2014, 21322103, 'MIN33200', 12),
(2014, 21322103, 'MIN33300', 12),
(2014, 21327264, 'MIN31100', 9),
(2014, 21327264, 'MIN31200', 9),
(2014, 21327264, 'MIN31300', 10),
(2014, 21327264, 'MIN31400', 9),
(2014, 21327264, 'MIN31500', 7),
(2014, 21327264, 'MIN31600', 9),
(2014, 21327264, 'MIN32100', 8),
(2014, 21327264, 'MIN32200', 11),
(2014, 21327264, 'MIN32300', 12),
(2014, 21327264, 'MIN32400', 12),
(2014, 21327264, 'MIN32500', 15),
(2014, 21327264, 'MIN32600', 15),
(2014, 21327264, 'MIN33100', 10),
(2014, 21327264, 'MIN33200', 13),
(2014, 21327264, 'MIN33300', 16),
(2014, 21222318, 'MIN31100', 8),
(2014, 21222318, 'MIN31200', 5),
(2014, 21222318, 'MIN31300', 4),
(2014, 21222318, 'MIN31400', 4),
(2014, 21222318, 'MIN31500', 1),
(2014, 21222318, 'MIN31600', 4),
(2014, 21222318, 'MIN32100', 7),
(2014, 21222318, 'MIN32200', 13),
(2014, 21222318, 'MIN32300', 10),
(2014, 21222318, 'MIN32400', 8),
(2014, 21222318, 'MIN32500', 11),
(2014, 21222318, 'MIN32600', 11),
(2014, 21222318, 'MIN33100', 6),
(2014, 21222318, 'MIN33200', 8),
(2014, 21222318, 'MIN33300', 6),
(2014, 21222318, 'MIN3MSPO', 14),
(2014, 21222351, 'MIN31100', 8),
(2014, 21222351, 'MIN31200', 11),
(2014, 21222351, 'MIN31300', 8),
(2014, 21222351, 'MIN31400', 11),
(2014, 21222351, 'MIN31500', 8),
(2014, 21222351, 'MIN31600', 6),
(2014, 21222351, 'MIN32100', 11),
(2014, 21222351, 'MIN32200', 14),
(2014, 21222351, 'MIN32300', 7),
(2014, 21222351, 'MIN32400', 11),
(2014, 21222351, 'MIN32500', 11),
(2014, 21222351, 'MIN32600', 10),
(2014, 21222351, 'MIN33100', 10),
(2014, 21222351, 'MIN33200', 13),
(2014, 21222351, 'MIN33300', 14),
(2014, 21320010, 'MIN31100', 10),
(2014, 21320010, 'MIN31200', 11),
(2014, 21320010, 'MIN31300', 6),
(2014, 21320010, 'MIN31400', 12),
(2014, 21320010, 'MIN31500', 10),
(2014, 21320010, 'MIN31600', 10),
(2014, 21320010, 'MIN32100', 11),
(2014, 21320010, 'MIN32200', 11),
(2014, 21320010, 'MIN32300', 14),
(2014, 21320010, 'MIN32400', 12),
(2014, 21320010, 'MIN32500', 12),
(2014, 21320010, 'MIN32600', 14),
(2014, 21320010, 'MIN33100', 11),
(2014, 21320010, 'MIN33200', 16),
(2014, 21320010, 'MIN33300', 11),
(2014, 21320010, 'MIN3MSPO', 16),
(2014, 21320172, 'MIN31100', 9),
(2014, 21320172, 'MIN31200', 7),
(2014, 21320172, 'MIN31300', 18),
(2014, 21320172, 'MIN31400', 11),
(2014, 21320172, 'MIN31500', 15),
(2014, 21320172, 'MIN31600', 8),
(2014, 21320172, 'MIN32100', 9),
(2014, 21320172, 'MIN32200', 15),
(2014, 21320172, 'MIN32300', 4),
(2014, 21320172, 'MIN32400', 9),
(2014, 21320172, 'MIN32500', 12),
(2014, 21320172, 'MIN32600', 14),
(2014, 21320172, 'MIN33100', 10),
(2014, 21320172, 'MIN33200', 11),
(2014, 21320172, 'MIN33300', 6),
(2015, 21320324, 'MIN41200P', 9),
(2015, 21320324, 'MIN41400P', 11),
(2015, 21320324, 'MIN41600P', 13),
(2015, 21320324, 'MIN411P0', 9),
(2015, 21320324, 'MIN413P0', 16),
(2015, 21320324, 'MIN415P0', 9),
(2015, 21320324, 'MIN42200P', 10),
(2015, 21320324, 'MIN421P0', 18),
(2015, 21320324, 'MIN423P0', 11),
(2015, 21320324, 'MIN424P0', 9),
(2015, 21320324, 'MIN43100P', 13),
(2015, 21321469, 'MIN41200P', 11),
(2015, 21321469, 'MIN41400P', 10),
(2015, 21321469, 'MIN41600P', 11),
(2015, 21321469, 'MIN411P0', 8),
(2015, 21321469, 'MIN413P0', 13),
(2015, 21321469, 'MIN415P0', 11),
(2015, 21321469, 'MIN42200P', 11),
(2015, 21321469, 'MIN421P0', 13),
(2015, 21321469, 'MIN423P0', 11),
(2015, 21321469, 'MIN424P0', 10),
(2015, 21321469, 'MIN43100P', 13),
(2015, 21322309, 'MIN41200P', 6),
(2015, 21322309, 'MIN41400P', 7),
(2015, 21322309, 'MIN41600P', 15),
(2015, 21322309, 'MIN411P0', 11),
(2015, 21322309, 'MIN413P0', 10),
(2015, 21322309, 'MIN415P0', 7),
(2015, 21322309, 'MIN42200P', 10),
(2015, 21322309, 'MIN421P0', 18),
(2015, 21322309, 'MIN423P0', 11),
(2015, 21322309, 'MIN424P0', 11),
(2015, 21322309, 'MIN43100P', 14),
(2015, 21320506, 'MIN41200P', 10),
(2015, 21320506, 'MIN41400P', 13),
(2015, 21320506, 'MIN41600P', 12),
(2015, 21320506, 'MIN411P0', 8),
(2015, 21320506, 'MIN413P0', 11),
(2015, 21320506, 'MIN415P0', 9),
(2015, 21320506, 'MIN42200P', 12),
(2015, 21320506, 'MIN421P0', 12),
(2015, 21320506, 'MIN423P0', 13),
(2015, 21320506, 'MIN424P0', 14),
(2015, 21320506, 'MIN43100P', 14),
(2015, 21222061, 'MIN41200P', 9),
(2015, 21222061, 'MIN41400P', 12),
(2015, 21222061, 'MIN41600P', 10),
(2015, 21222061, 'MIN411P0', 9),
(2015, 21222061, 'MIN413P0', 11),
(2015, 21222061, 'MIN415P0', 9),
(2015, 21222061, 'MIN42200P', 10),
(2015, 21222061, 'MIN421P0', 11),
(2015, 21222061, 'MIN423P0', 10),
(2015, 21222061, 'MIN424P0', 12),
(2015, 21222061, 'MIN43100P', 14),
(2015, 21221595, 'MIN41200P', 4),
(2015, 21221595, 'MIN41400P', 0),
(2015, 21221595, 'MIN41600P', 5),
(2015, 21221595, 'MIN411P0', 0),
(2015, 21221595, 'MIN413P0', 3),
(2015, 21221595, 'MIN415P0', 4),
(2015, 21221595, 'MIN42200P', 0),
(2015, 21221595, 'MIN421P0', 13),
(2015, 21221595, 'MIN423P0', 4),
(2015, 21221595, 'MIN424P0', 1),
(2015, 21221595, 'MIN43100P', 0),
(2015, 21321459, 'MIN41200P', 9),
(2015, 21321459, 'MIN41400P', 13),
(2015, 21321459, 'MIN41600P', 9),
(2015, 21321459, 'MIN411P0', 8),
(2015, 21321459, 'MIN413P0', 13),
(2015, 21321459, 'MIN415P0', 9),
(2015, 21321459, 'MIN42200P', 7),
(2015, 21321459, 'MIN421P0', 13),
(2015, 21321459, 'MIN423P0', 6),
(2015, 21321459, 'MIN424P0', 9),
(2015, 21321459, 'MIN43100P', 10),
(2015, 21322105, 'MIN41200P', 5),
(2015, 21322105, 'MIN41400P', 7),
(2015, 21322105, 'MIN41600P', 9),
(2015, 21322105, 'MIN411P0', 5),
(2015, 21322105, 'MIN413P0', 11),
(2015, 21322105, 'MIN415P0', 7),
(2015, 21322105, 'MIN42200P', 14),
(2015, 21322105, 'MIN421P0', 9),
(2015, 21322105, 'MIN423P0', 9),
(2015, 21322105, 'MIN424P0', 10),
(2015, 21322105, 'MIN43100P', 12),
(2015, 21321089, 'MIN41200P', 10),
(2015, 21321089, 'MIN41400P', 11),
(2015, 21321089, 'MIN41600P', 10),
(2015, 21321089, 'MIN411P0', 13),
(2015, 21321089, 'MIN413P0', 17),
(2015, 21321089, 'MIN415P0', 11),
(2015, 21321089, 'MIN42200P', 14),
(2015, 21321089, 'MIN421P0', 14),
(2015, 21321089, 'MIN423P0', 12),
(2015, 21321089, 'MIN424P0', 11),
(2015, 21321089, 'MIN43100P', 13),
(2015, 21320150, 'MIN41200P', 9),
(2015, 21320150, 'MIN41400P', 13),
(2015, 21320150, 'MIN41600P', 11),
(2015, 21320150, 'MIN411P0', 9),
(2015, 21320150, 'MIN413P0', 11),
(2015, 21320150, 'MIN415P0', 11),
(2015, 21320150, 'MIN42200P', 12),
(2015, 21320150, 'MIN421P0', 13),
(2015, 21320150, 'MIN423P0', 10),
(2015, 21320150, 'MIN424P0', 14),
(2015, 21320150, 'MIN43100P', 13),
(2015, 21220933, 'MIN41200P', 13),
(2015, 21220933, 'MIN41400P', 12),
(2015, 21220933, 'MIN41600P', 13),
(2015, 21220933, 'MIN411P0', 11),
(2015, 21220933, 'MIN413P0', 18),
(2015, 21220933, 'MIN415P0', 7),
(2015, 21220933, 'MIN42200P', 6),
(2015, 21220933, 'MIN421P0', 18),
(2015, 21220933, 'MIN423P0', 13),
(2015, 21220933, 'MIN424P0', 16),
(2015, 21220933, 'MIN43100P', 15),
(2015, 21320250, 'MIN41200P', 8),
(2015, 21320250, 'MIN41400P', 11),
(2015, 21320250, 'MIN41600P', 15),
(2015, 21320250, 'MIN411P0', 12),
(2015, 21320250, 'MIN413P0', 12),
(2015, 21320250, 'MIN415P0', 11),
(2015, 21320250, 'MIN42200P', 12),
(2015, 21320250, 'MIN421P0', 18),
(2015, 21320250, 'MIN423P0', 13),
(2015, 21320250, 'MIN424P0', 15),
(2015, 21320250, 'MIN43100P', 15),
(2015, 21320539, 'MIN41200P', 7),
(2015, 21320539, 'MIN41400P', 8),
(2015, 21320539, 'MIN41600P', 15),
(2015, 21320539, 'MIN411P0', 9),
(2015, 21320539, 'MIN413P0', 10),
(2015, 21320539, 'MIN415P0', 6),
(2015, 21320539, 'MIN42200P', 10),
(2015, 21320539, 'MIN421P0', 18),
(2015, 21320539, 'MIN423P0', 12),
(2015, 21320539, 'MIN424P0', 13),
(2015, 21320539, 'MIN43100P', 14),
(2015, 21320334, 'MIN41200P', 7),
(2015, 21320334, 'MIN41400P', 10),
(2015, 21320334, 'MIN41600P', 10),
(2015, 21320334, 'MIN411P0', 4),
(2015, 21320334, 'MIN413P0', 9),
(2015, 21320334, 'MIN415P0', 11),
(2015, 21320334, 'MIN42200P', 13),
(2015, 21320334, 'MIN421P0', 11),
(2015, 21320334, 'MIN423P0', 9),
(2015, 21320334, 'MIN424P0', 9),
(2015, 21320334, 'MIN43100P', 12),
(2015, 21320210, 'MIN41200P', 5),
(2015, 21320210, 'MIN41400P', 8),
(2015, 21320210, 'MIN41600P', 15),
(2015, 21320210, 'MIN411P0', 8),
(2015, 21320210, 'MIN413P0', 9),
(2015, 21320210, 'MIN415P0', 8),
(2015, 21320210, 'MIN42200P', 12),
(2015, 21320210, 'MIN421P0', 12),
(2015, 21320210, 'MIN423P0', 8),
(2015, 21320210, 'MIN424P0', 8),
(2015, 21320210, 'MIN43100P', 12),
(2015, 21221002, 'MIN41200P', 0),
(2015, 21221002, 'MIN41400P', 5),
(2015, 21221002, 'MIN41600P', 7),
(2015, 21221002, 'MIN411P0', 0),
(2015, 21221002, 'MIN413P0', 9),
(2015, 21221002, 'MIN415P0', 4),
(2015, 21221002, 'MIN42200P', 3),
(2015, 21221002, 'MIN421P0', 0),
(2015, 21221002, 'MIN423P0', 3),
(2015, 21221002, 'MIN424P0', 7),
(2015, 21221002, 'MIN43100P', 3),
(2015, 21220769, 'MIN41200P', 7),
(2015, 21220769, 'MIN41400P', 6),
(2015, 21220769, 'MIN41600P', 14),
(2015, 21220769, 'MIN411P0', 7),
(2015, 21220769, 'MIN413P0', 11),
(2015, 21220769, 'MIN415P0', 9),
(2015, 21220769, 'MIN42200P', 8),
(2015, 21220769, 'MIN421P0', 16),
(2015, 21220769, 'MIN423P0', 9),
(2015, 21220769, 'MIN424P0', 8),
(2015, 21220769, 'MIN43100P', 12),
(2015, 21321642, 'MIN41200P', 9),
(2015, 21321642, 'MIN41400P', 11),
(2015, 21321642, 'MIN41600P', 10),
(2015, 21321642, 'MIN411P0', 12),
(2015, 21321642, 'MIN413P0', 13),
(2015, 21321642, 'MIN415P0', 17),
(2015, 21321642, 'MIN42200P', 11),
(2015, 21321642, 'MIN421P0', 13),
(2015, 21321642, 'MIN423P0', 8),
(2015, 21321642, 'MIN424P0', 10),
(2015, 21321642, 'MIN43100P', 13),
(2015, 21321313, 'MIN41200P', 0),
(2015, 21321313, 'MIN41400P', 0),
(2015, 21321313, 'MIN41600P', 0),
(2015, 21321313, 'MIN411P0', 0),
(2015, 21321313, 'MIN413P0', 0),
(2015, 21321313, 'MIN415P0', 3),
(2015, 21321313, 'MIN42200P', 0),
(2015, 21321313, 'MIN421P0', 0),
(2015, 21321313, 'MIN423P0', 2),
(2015, 21321313, 'MIN424P0', 0),
(2015, 21321313, 'MIN43100P', 10),
(2015, 21322467, 'MIN41200P', 9),
(2015, 21322467, 'MIN41400P', 6),
(2015, 21322467, 'MIN41600P', 13),
(2015, 21322467, 'MIN411P0', 7),
(2015, 21322467, 'MIN413P0', 13),
(2015, 21322467, 'MIN415P0', 8),
(2015, 21322467, 'MIN42200P', 13),
(2015, 21322467, 'MIN421P0', 16),
(2015, 21322467, 'MIN423P0', 9),
(2015, 21322467, 'MIN424P0', 12),
(2015, 21322467, 'MIN43100P', 10),
(2015, 21320720, 'MIN41200P', 17),
(2015, 21320720, 'MIN41400P', 11),
(2015, 21320720, 'MIN41600P', 13),
(2015, 21320720, 'MIN411P0', 19),
(2015, 21320720, 'MIN413P0', 18),
(2015, 21320720, 'MIN415P0', 15),
(2015, 21320720, 'MIN42200P', 14),
(2015, 21320720, 'MIN421P0', 16),
(2015, 21320720, 'MIN423P0', 13),
(2015, 21320720, 'MIN424P0', 9),
(2015, 21320720, 'MIN43100P', 14),
(2015, 21320072, 'MIN41200P', 10),
(2015, 21320072, 'MIN41400P', 12),
(2015, 21320072, 'MIN41600P', 14),
(2015, 21320072, 'MIN411P0', 10),
(2015, 21320072, 'MIN413P0', 13),
(2015, 21320072, 'MIN415P0', 9),
(2015, 21320072, 'MIN42200P', 5),
(2015, 21320072, 'MIN421P0', 13),
(2015, 21320072, 'MIN423P0', 14),
(2015, 21320072, 'MIN424P0', 13),
(2015, 21320072, 'MIN43100P', 15),
(2015, 21220967, 'MIN41200P', 6),
(2015, 21220967, 'MIN41400P', 9),
(2015, 21220967, 'MIN41600P', 12),
(2015, 21220967, 'MIN411P0', 10),
(2015, 21220967, 'MIN413P0', 10),
(2015, 21220967, 'MIN415P0', 8),
(2015, 21220967, 'MIN42200P', 8),
(2015, 21220967, 'MIN421P0', 16),
(2015, 21220967, 'MIN423P0', 12),
(2015, 21220967, 'MIN424P0', 10),
(2015, 21220967, 'MIN43100P', 12),
(2015, 21321964, 'MIN41200P', 11),
(2015, 21321964, 'MIN41400P', 13),
(2015, 21321964, 'MIN41600P', 12),
(2015, 21321964, 'MIN411P0', 13),
(2015, 21321964, 'MIN413P0', 19),
(2015, 21321964, 'MIN415P0', 7),
(2015, 21321964, 'MIN42200P', 10),
(2015, 21321964, 'MIN421P0', 18),
(2015, 21321964, 'MIN423P0', 9),
(2015, 21321964, 'MIN424P0', 11),
(2015, 21321964, 'MIN43100P', 13),
(2015, 21322136, 'MIN41200P', 8),
(2015, 21322136, 'MIN41400P', 12),
(2015, 21322136, 'MIN41600P', 14),
(2015, 21322136, 'MIN411P0', 7),
(2015, 21322136, 'MIN413P0', 13),
(2015, 21322136, 'MIN415P0', 7),
(2015, 21322136, 'MIN42200P', 11),
(2015, 21322136, 'MIN421P0', 13),
(2015, 21322136, 'MIN423P0', 11),
(2015, 21322136, 'MIN424P0', 16),
(2015, 21322136, 'MIN43100P', 12),
(2015, 21320206, 'MIN41200P', 11),
(2015, 21320206, 'MIN41400P', 10),
(2015, 21320206, 'MIN41600P', 11),
(2015, 21320206, 'MIN411P0', 13),
(2015, 21320206, 'MIN413P0', 11),
(2015, 21320206, 'MIN415P0', 10),
(2015, 21320206, 'MIN42200P', 10),
(2015, 21320206, 'MIN421P0', 14),
(2015, 21320206, 'MIN423P0', 11),
(2015, 21320206, 'MIN424P0', 12),
(2015, 21320206, 'MIN43100P', 15),
(2015, 21320126, 'MIN41200P', 7),
(2015, 21320126, 'MIN41400P', 8),
(2015, 21320126, 'MIN41600P', 12),
(2015, 21320126, 'MIN411P0', 8),
(2015, 21320126, 'MIN413P0', 14),
(2015, 21320126, 'MIN415P0', 10),
(2015, 21320126, 'MIN42200P', 11),
(2015, 21320126, 'MIN421P0', 16),
(2015, 21320126, 'MIN423P0', 12),
(2015, 21320126, 'MIN424P0', 10),
(2015, 21320126, 'MIN43100P', 14),
(2015, 21322078, 'MIN41200P', 8),
(2015, 21322078, 'MIN41400P', 7),
(2015, 21322078, 'MIN41600P', 12),
(2015, 21322078, 'MIN411P0', 8),
(2015, 21322078, 'MIN413P0', 12),
(2015, 21322078, 'MIN415P0', 12),
(2015, 21322078, 'MIN42200P', 13),
(2015, 21322078, 'MIN421P0', 16),
(2015, 21322078, 'MIN423P0', 12),
(2015, 21322078, 'MIN424P0', 9),
(2015, 21322078, 'MIN43100P', 10),
(2015, 21321075, 'MIN41200P', 10),
(2015, 21321075, 'MIN41400P', 15),
(2015, 21321075, 'MIN41600P', 10),
(2015, 21321075, 'MIN411P0', 10),
(2015, 21321075, 'MIN413P0', 15),
(2015, 21321075, 'MIN415P0', 10),
(2015, 21321075, 'MIN42200P', 15),
(2015, 21321075, 'MIN421P0', 14),
(2015, 21321075, 'MIN423P0', 15),
(2015, 21321075, 'MIN424P0', 18),
(2015, 21321075, 'MIN43100P', 16),
(2015, 21320148, 'MIN41200T', 13),
(2015, 21320148, 'MIN41400T', 15),
(2015, 21320148, 'MIN41600T', 11),
(2015, 21320148, 'MIN411T0', 13),
(2015, 21320148, 'MIN413T0', 13),
(2015, 21320148, 'MIN415T0', 13),
(2015, 21320148, 'MIN42200T', 14),
(2015, 21320148, 'MIN421T0', 13),
(2015, 21320148, 'MIN423T0', 11),
(2015, 21320148, 'MIN424T0', 15),
(2015, 21320148, 'MIN43100T', 13),
(2015, 21320117, 'MIN41200T', 17),
(2015, 21320117, 'MIN41400T', 16),
(2015, 21320117, 'MIN41600T', 16),
(2015, 21320117, 'MIN411T0', 14),
(2015, 21320117, 'MIN413T0', 15),
(2015, 21320117, 'MIN415T0', 18),
(2015, 21320117, 'MIN42200T', 17),
(2015, 21320117, 'MIN421T0', 16),
(2015, 21320117, 'MIN423T0', 12),
(2015, 21320117, 'MIN424T0', 12),
(2015, 21320117, 'MIN43100T', 13),
(2015, 21321086, 'MIN41200T', 11),
(2015, 21321086, 'MIN41400T', 9),
(2015, 21321086, 'MIN41600T', 14),
(2015, 21321086, 'MIN411T0', 10),
(2015, 21321086, 'MIN413T0', 17),
(2015, 21321086, 'MIN415T0', 12),
(2015, 21321086, 'MIN42200T', 13),
(2015, 21321086, 'MIN421T0', 14),
(2015, 21321086, 'MIN423T0', 17),
(2015, 21321086, 'MIN424T0', 14),
(2015, 21321086, 'MIN43100T', 13),
(2015, 21320710, 'MIN41200T', 16),
(2015, 21320710, 'MIN41400T', 16),
(2015, 21320710, 'MIN41600T', 9),
(2015, 21320710, 'MIN411T0', 6),
(2015, 21320710, 'MIN413T0', 9),
(2015, 21320710, 'MIN415T0', 15),
(2015, 21320710, 'MIN42200T', 11),
(2015, 21320710, 'MIN421T0', 6),
(2015, 21320710, 'MIN423T0', 11),
(2015, 21320710, 'MIN424T0', 13),
(2015, 21320710, 'MIN43100T', 13),
(2015, 21322271, 'MIN41200T', 11),
(2015, 21322271, 'MIN41400T', 9),
(2015, 21322271, 'MIN41600T', 16),
(2015, 21322271, 'MIN411T0', 13),
(2015, 21322271, 'MIN413T0', 10),
(2015, 21322271, 'MIN415T0', 12),
(2015, 21322271, 'MIN42200T', 11),
(2015, 21322271, 'MIN421T0', 10),
(2015, 21322271, 'MIN423T0', 14),
(2015, 21322271, 'MIN424T0', 15),
(2015, 21322271, 'MIN43100T', 13),
(2015, 21321097, 'MIN41200T', 9),
(2015, 21321097, 'MIN41400T', 10),
(2015, 21321097, 'MIN41600T', 12),
(2015, 21321097, 'MIN411T0', 11),
(2015, 21321097, 'MIN413T0', 15),
(2015, 21321097, 'MIN415T0', 9),
(2015, 21321097, 'MIN42200T', 10),
(2015, 21321097, 'MIN421T0', 15),
(2015, 21321097, 'MIN423T0', 12),
(2015, 21321097, 'MIN424T0', 11),
(2015, 21321097, 'MIN43100T', 13),
(2015, 21320737, 'MIN41200T', 16),
(2015, 21320737, 'MIN41400T', 16),
(2015, 21320737, 'MIN41600T', 14),
(2015, 21320737, 'MIN411T0', 14),
(2015, 21320737, 'MIN413T0', 17),
(2015, 21320737, 'MIN415T0', 16),
(2015, 21320737, 'MIN42200T', 12),
(2015, 21320737, 'MIN421T0', 16),
(2015, 21320737, 'MIN423T0', 13),
(2015, 21320737, 'MIN424T0', 11),
(2015, 21320737, 'MIN43100T', 15),
(2015, 21322524, 'MIN41200T', 13),
(2015, 21322524, 'MIN41400T', 11),
(2015, 21322524, 'MIN41600T', 13),
(2015, 21322524, 'MIN411T0', 13),
(2015, 21322524, 'MIN413T0', 11),
(2015, 21322524, 'MIN415T0', 12),
(2015, 21322524, 'MIN42200T', 10),
(2015, 21322524, 'MIN421T0', 16),
(2015, 21322524, 'MIN423T0', 11),
(2015, 21322524, 'MIN424T0', 13),
(2015, 21322524, 'MIN43100T', 15),
(2015, 21322293, 'MIN41200T', 9),
(2015, 21322293, 'MIN41400T', 9),
(2015, 21322293, 'MIN41600T', 8),
(2015, 21322293, 'MIN411T0', 7),
(2015, 21322293, 'MIN413T0', 7),
(2015, 21322293, 'MIN415T0', 9),
(2015, 21322293, 'MIN42200T', 7),
(2015, 21322293, 'MIN421T0', 7),
(2015, 21322293, 'MIN423T0', 10),
(2015, 21322293, 'MIN424T0', 12),
(2015, 21322293, 'MIN43100T', 10),
(2015, 21320106, 'MIN41200T', 11),
(2015, 21320106, 'MIN41400T', 11),
(2015, 21320106, 'MIN41600T', 12),
(2015, 21320106, 'MIN411T0', 11),
(2015, 21320106, 'MIN413T0', 13),
(2015, 21320106, 'MIN415T0', 13),
(2015, 21320106, 'MIN42200T', 10),
(2015, 21320106, 'MIN421T0', 8),
(2015, 21320106, 'MIN423T0', 10),
(2015, 21320106, 'MIN424T0', 9),
(2015, 21320106, 'MIN43100T', 15),
(2015, 21320021, 'MIN41200T', 19),
(2015, 21320021, 'MIN41400T', 17),
(2015, 21320021, 'MIN41600T', 16),
(2015, 21320021, 'MIN411T0', 13),
(2015, 21320021, 'MIN413T0', 16),
(2015, 21320021, 'MIN415T0', 18),
(2015, 21320021, 'MIN42200T', 14),
(2015, 21320021, 'MIN421T0', 18),
(2015, 21320021, 'MIN423T0', 14),
(2015, 21320021, 'MIN424T0', 15),
(2015, 21320021, 'MIN43100T', 15),
(2015, 21320728, 'MIN41200T', 14),
(2015, 21320728, 'MIN41400T', 14),
(2015, 21320728, 'MIN41600T', 11),
(2015, 21320728, 'MIN411T0', 10),
(2015, 21320728, 'MIN413T0', 13),
(2015, 21320728, 'MIN415T0', 17),
(2015, 21320728, 'MIN42200T', 8),
(2015, 21320728, 'MIN421T0', 13),
(2015, 21320728, 'MIN423T0', 10),
(2015, 21320728, 'MIN424T0', 12),
(2015, 21320728, 'MIN43100T', 14),
(2015, 21320673, 'MIN41200T', 13),
(2015, 21320673, 'MIN41400T', 15),
(2015, 21320673, 'MIN41600T', 14),
(2015, 21320673, 'MIN411T0', 15),
(2015, 21320673, 'MIN413T0', 17),
(2015, 21320673, 'MIN415T0', 16),
(2015, 21320673, 'MIN42200T', 15),
(2015, 21320673, 'MIN421T0', 18),
(2015, 21320673, 'MIN423T0', 14),
(2015, 21320673, 'MIN424T0', 13),
(2015, 21320673, 'MIN43100T', 15),
(2015, 21320374, 'MIN41200T', 9),
(2015, 21320374, 'MIN41400T', 7),
(2015, 21320374, 'MIN41600T', 13),
(2015, 21320374, 'MIN411T0', 10),
(2015, 21320374, 'MIN413T0', 8),
(2015, 21320374, 'MIN415T0', 12),
(2015, 21320374, 'MIN42200T', 15),
(2015, 21320374, 'MIN421T0', 11),
(2015, 21320374, 'MIN423T0', 12),
(2015, 21320374, 'MIN424T0', 8),
(2015, 21320374, 'MIN43100T', 13),
(2015, 21320481, 'MIN41200T', 14),
(2015, 21320481, 'MIN41400T', 17),
(2015, 21320481, 'MIN41600T', 16),
(2015, 21320481, 'MIN411T0', 14),
(2015, 21320481, 'MIN413T0', 15),
(2015, 21320481, 'MIN415T0', 15),
(2015, 21320481, 'MIN42200T', 16),
(2015, 21320481, 'MIN421T0', 17),
(2015, 21320481, 'MIN423T0', 15),
(2015, 21320481, 'MIN424T0', 12),
(2015, 21320481, 'MIN43100T', 16),
(2015, 21321072, 'MIN41200T', 14),
(2015, 21321072, 'MIN41400T', 13),
(2015, 21321072, 'MIN41600T', 13),
(2015, 21321072, 'MIN411T0', 12),
(2015, 21321072, 'MIN413T0', 17),
(2015, 21321072, 'MIN415T0', 16),
(2015, 21321072, 'MIN42200T', 16),
(2015, 21321072, 'MIN421T0', 14),
(2015, 21321072, 'MIN423T0', 11),
(2015, 21321072, 'MIN424T0', 9),
(2015, 21321072, 'MIN43100T', 11),
(2015, 21320662, 'MIN41200T', 18),
(2015, 21320662, 'MIN41400T', 15),
(2015, 21320662, 'MIN41600T', 12),
(2015, 21320662, 'MIN411T0', 12),
(2015, 21320662, 'MIN413T0', 14),
(2015, 21320662, 'MIN415T0', 15),
(2015, 21320662, 'MIN42200T', 10),
(2015, 21320662, 'MIN421T0', 13),
(2015, 21320662, 'MIN423T0', 9),
(2015, 21320662, 'MIN424T0', 12),
(2015, 21320662, 'MIN43100T', 13),
(2015, 21320601, 'MIN41200T', 15),
(2015, 21320601, 'MIN41400T', 15),
(2015, 21320601, 'MIN41600T', 12),
(2015, 21320601, 'MIN411T0', 12),
(2015, 21320601, 'MIN413T0', 11),
(2015, 21320601, 'MIN415T0', 18),
(2015, 21320601, 'MIN42200T', 18),
(2015, 21320601, 'MIN421T0', 13),
(2015, 21320601, 'MIN423T0', 12),
(2015, 21320601, 'MIN424T0', 17),
(2015, 21320601, 'MIN43100T', 15),
(2015, 21320247, 'MIN41200T', 10),
(2015, 21320247, 'MIN41400T', 12),
(2015, 21320247, 'MIN41600T', 14),
(2015, 21320247, 'MIN411T0', 12),
(2015, 21320247, 'MIN413T0', 11),
(2015, 21320247, 'MIN415T0', 11),
(2015, 21320247, 'MIN42200T', 13),
(2015, 21320247, 'MIN421T0', 11),
(2015, 21320247, 'MIN423T0', 10),
(2015, 21320247, 'MIN424T0', 13),
(2015, 21320247, 'MIN43100T', 12),
(2015, 21320258, 'MIN41200T', 14),
(2015, 21320258, 'MIN41400T', 15),
(2015, 21320258, 'MIN41600T', 15),
(2015, 21320258, 'MIN411T0', 16),
(2015, 21320258, 'MIN413T0', 16),
(2015, 21320258, 'MIN415T0', 16),
(2015, 21320258, 'MIN42200T', 17),
(2015, 21320258, 'MIN421T0', 17),
(2015, 21320258, 'MIN423T0', 12),
(2015, 21320258, 'MIN424T0', 11),
(2015, 21320258, 'MIN43100T', 12),
(2015, 21322261, 'MIN41200T', 18),
(2015, 21322261, 'MIN41400T', 16),
(2015, 21322261, 'MIN41600T', 12),
(2015, 21322261, 'MIN411T0', 15),
(2015, 21322261, 'MIN413T0', 15),
(2015, 21322261, 'MIN415T0', 17),
(2015, 21322261, 'MIN42200T', 11),
(2015, 21322261, 'MIN421T0', 13),
(2015, 21322261, 'MIN423T0', 10),
(2015, 21322261, 'MIN424T0', 11),
(2015, 21322261, 'MIN43100T', 14),
(2015, 21322072, 'MIN41200T', 10),
(2015, 21322072, 'MIN41400T', 12),
(2015, 21322072, 'MIN41600T', 12),
(2015, 21322072, 'MIN411T0', 12),
(2015, 21322072, 'MIN413T0', 12),
(2015, 21322072, 'MIN415T0', 11),
(2015, 21322072, 'MIN42200T', 9),
(2015, 21322072, 'MIN421T0', 11),
(2015, 21322072, 'MIN423T0', 10),
(2015, 21322072, 'MIN424T0', 10),
(2015, 21322072, 'MIN43100T', 11),
(2015, 21322032, 'MIN41200T', 8),
(2015, 21322032, 'MIN41400T', 9),
(2015, 21322032, 'MIN41600T', 16),
(2015, 21322032, 'MIN411T0', 14),
(2015, 21322032, 'MIN413T0', 13),
(2015, 21322032, 'MIN415T0', 12),
(2015, 21322032, 'MIN42200T', 18),
(2015, 21322032, 'MIN421T0', 15),
(2015, 21322032, 'MIN423T0', 12),
(2015, 21322032, 'MIN424T0', 9),
(2015, 21322032, 'MIN43100T', 11),
(2015, 21320101, 'MIN41200T', 11),
(2015, 21320101, 'MIN41400T', 11),
(2015, 21320101, 'MIN41600T', 12),
(2015, 21320101, 'MIN411T0', 13),
(2015, 21320101, 'MIN413T0', 15),
(2015, 21320101, 'MIN415T0', 11),
(2015, 21320101, 'MIN42200T', 13),
(2015, 21320101, 'MIN421T0', 13),
(2015, 21320101, 'MIN423T0', 13),
(2015, 21320101, 'MIN424T0', 15),
(2015, 21320101, 'MIN43100T', 14),
(2015, 21321464, 'MIN41200T', 8),
(2015, 21321464, 'MIN41400T', 7),
(2015, 21321464, 'MIN41600T', 15),
(2015, 21321464, 'MIN411T0', 8),
(2015, 21321464, 'MIN413T0', 11),
(2015, 21321464, 'MIN415T0', 8),
(2015, 21321464, 'MIN42200T', 11),
(2015, 21321464, 'MIN421T0', 11),
(2015, 21321464, 'MIN423T0', 13),
(2015, 21321464, 'MIN424T0', 6),
(2015, 21321464, 'MIN43100T', 12),
(2015, 21322113, 'MIN41200T', 10),
(2015, 21322113, 'MIN41400T', 10),
(2015, 21322113, 'MIN41600T', 14),
(2015, 21322113, 'MIN411T0', 8),
(2015, 21322113, 'MIN413T0', 11),
(2015, 21322113, 'MIN415T0', 11),
(2015, 21322113, 'MIN42200T', 10),
(2015, 21322113, 'MIN421T0', 11),
(2015, 21322113, 'MIN423T0', 10),
(2015, 21322113, 'MIN424T0', 7),
(2015, 21322113, 'MIN43100T', 11),
(2015, 21322095, 'MIN41200T', 11),
(2015, 21322095, 'MIN41400T', 12),
(2015, 21322095, 'MIN41600T', 10),
(2015, 21322095, 'MIN411T0', 10),
(2015, 21322095, 'MIN413T0', 13),
(2015, 21322095, 'MIN415T0', 8),
(2015, 21322095, 'MIN42200T', 11),
(2015, 21322095, 'MIN421T0', 9),
(2015, 21322095, 'MIN423T0', 12),
(2015, 21322095, 'MIN424T0', 7),
(2015, 21322095, 'MIN43100T', 10),
(2015, 21322103, 'MIN41200T', 13),
(2015, 21322103, 'MIN41400T', 10),
(2015, 21322103, 'MIN41600T', 13),
(2015, 21322103, 'MIN411T0', 11),
(2015, 21322103, 'MIN413T0', 13),
(2015, 21322103, 'MIN415T0', 16),
(2015, 21322103, 'MIN42200T', 16),
(2015, 21322103, 'MIN421T0', 12),
(2015, 21322103, 'MIN423T0', 11),
(2015, 21322103, 'MIN424T0', 9),
(2015, 21322103, 'MIN43100T', 12),
(2015, 21327264, 'MIN41200T', 12),
(2015, 21327264, 'MIN41400T', 9),
(2015, 21327264, 'MIN41600T', 14),
(2015, 21327264, 'MIN411T0', 13),
(2015, 21327264, 'MIN413T0', 13),
(2015, 21327264, 'MIN415T0', 7),
(2015, 21327264, 'MIN42200T', 11),
(2015, 21327264, 'MIN421T0', 12),
(2015, 21327264, 'MIN423T0', 14),
(2015, 21327264, 'MIN424T0', 18),
(2015, 21327264, 'MIN43100T', 15),
(2015, 21222351, 'MIN41200T', 11),
(2015, 21222351, 'MIN41400T', 9),
(2015, 21222351, 'MIN41600T', 14),
(2015, 21222351, 'MIN411T0', 8),
(2015, 21222351, 'MIN413T0', 12),
(2015, 21222351, 'MIN415T0', 8),
(2015, 21222351, 'MIN42200T', 8),
(2015, 21222351, 'MIN421T0', 8),
(2015, 21222351, 'MIN423T0', 13),
(2015, 21222351, 'MIN424T0', 12),
(2015, 21222351, 'MIN43100T', 10),
(2015, 21320010, 'MIN41200T', 9),
(2015, 21320010, 'MIN41400T', 14),
(2015, 21320010, 'MIN41600T', 15),
(2015, 21320010, 'MIN411T0', 13),
(2015, 21320010, 'MIN413T0', 13),
(2015, 21320010, 'MIN415T0', 11),
(2015, 21320010, 'MIN42200T', 15),
(2015, 21320010, 'MIN421T0', 12),
(2015, 21320010, 'MIN423T0', 13),
(2015, 21320010, 'MIN424T0', 16),
(2015, 21320010, 'MIN43100T', 12),
(2015, 21320172, 'MIN41200T', 16),
(2015, 21320172, 'MIN41400T', 8),
(2015, 21320172, 'MIN41600T', 12),
(2015, 21320172, 'MIN411T0', 8),
(2015, 21320172, 'MIN413T0', 7),
(2015, 21320172, 'MIN415T0', 14),
(2015, 21320172, 'MIN42200T', 9),
(2015, 21320172, 'MIN421T0', 9),
(2015, 21320172, 'MIN423T0', 10),
(2015, 21320172, 'MIN424T0', 15),
(2015, 21320172, 'MIN43100T', 13);

-- --------------------------------------------------------

--
-- Structure de la table `module`
--

CREATE TABLE IF NOT EXISTS `module` (
  `label` varchar(255) NOT NULL DEFAULT '',
  `full_name` varchar(255) DEFAULT NULL,
  `tu` varchar(255) DEFAULT NULL,
  `teacher` varchar(255) DEFAULT NULL,
  `coefficient` float(4,2) DEFAULT NULL,
  PRIMARY KEY (`label`),
  KEY `fk_module_tu` (`tu`),
  KEY `fk_module_teacher` (`teacher`)
) ENGINE=MyISAM DEFAULT CHARSET=utf8;

--
-- Contenu de la table `module`
--

INSERT INTO `module` (`label`, `full_name`, `tu`, `teacher`, `coefficient`) VALUES
('MIN11100', 'Introduction aux systèmes informatiques', 'UE11', 'genthial', 3.00),
('MIN11200', 'Introduction à l''algorithmique et à la programmation', 'UE11', 'luccia', 3.00),
('MIN11300', 'Structures de données et algorithmes fondamentaux', 'UE11', 'luccia', 2.00),
('MIN11400', 'Introduction aux bases de données', 'UE11', 'occellom', 3.00),
('MIN11500', 'Conception de documens et d''interfaces numériques', 'UE11', 'merciera', 2.00),
('MIN11600', 'Projet tutoré - Découverte', 'UE11', 'objois', 1.00),
('MIN12100', 'Mathématiques discrètes', 'UE12', 'charenss', 2.00),
('MIN12200', 'Algèbre linéaire', 'UE12', 'charenss', 2.00),
('MIN12300', 'Environnement économique', 'UE12', 'galdons', 1.00),
('MIN12400', 'Fonctionnement des organisations', 'UE12', 'prott', 2.00),
('MIN12500', 'Expression-Communication – Fondamentaux de la communication', 'UE12', 'desauzag', 2.00),
('MIN12600', 'Anglais et Informatique', 'UE12', 'metgec', 1.00),
('MIN12700', 'PPP - Connaître le monde professionnel', 'UE12', 'occellom', 1.00),
('MIN21100', 'Architecture et programmation des mécanismes de base d''un système informatique', 'UE21', 'objois', 1.00),
('MIN21200', 'Architecture des réseaux', 'UE21', 'objois', 1.00),
('MIN21300', 'Bases de la programmation orientée objet', 'UE21', 'jean', 3.00),
('MIN21400', 'Bases de la conception orientée objet', 'UE21', 'occellom', 2.00),
('MIN21500', 'Introduction aux interfaces homme-machine (IHM)', 'UE21', 'valentij', 2.00),
('MIN21600', 'Programmation et administration des bases de données', 'UE21', 'boulled', 2.00),
('MIN21700', 'Projet tutoré – Description et planification de projet', 'UE21', 'jean', 2.00),
('MIN22100', 'Graphes et langages', 'UE22', 'charenss', 2.00),
('MIN22200', 'Analyse et méthodes numériques', 'UE22', 'charenss', 2.00),
('MIN22300', 'Environnement comptable, financier, juridique et social', 'UE22', 'prott', 3.00),
('MIN22400', 'Gestion de projet informatique', 'UE22', 'prott', 1.00),
('MIN22500', 'Expression-Communication – Communication, information et argumentation', 'UE22', 'desauzag', 1.00),
('MIN22600', 'Communiquer en anglais ', 'UE22', 'metgec', 2.00),
('MIN22700', 'PPP – Identifier ses compétences', 'UE22', 'bergeron', 1.00),
('MIN31100', 'Principes des systèmes d''exploitation', 'UE31', 'raievskc', 2.00),
('MIN31200', 'Services réseaux', 'UE31', 'objois', 1.00),
('MIN31300', 'Algorithmique avancée', 'UE31', 'luccia', 1.00),
('MIN31400', 'Programmation Web côté serveur', 'UE31', 'genthial', 2.00),
('MIN31500', 'Conception et programmation objet avancées', 'UE31', 'jean', 2.00),
('MIN31600', 'Bases de données avancées', 'UE31', 'boulled', 1.00),
('MIN32100', 'Probabilités et statistiques', 'UE32', 'charenss', 2.00),
('MIN32200', 'Modélisations mathématiques', 'UE32', 'charenss', 1.00),
('MIN32300', 'Droit des technologies de l’information et de la communication (TIC)', 'UE32', 'bardv', 1.00),
('MIN32400', 'Gestion des systèmes d''information', 'UE32', 'prott', 2.00),
('MIN32500', 'Expression-Communication – Communication professionnelle', 'UE32', 'desauzag', 1.00),
('MIN32600', 'Collaborer en anglais', 'UE32', 'metgec', 2.00),
('MIN33100', 'Méthodologie de la production d’applications', 'UE33', 'occellom', 3.00),
('MIN33200', 'Projet tutoré – Mise en situation professionnelle', 'UE33', 'metgec', 2.00),
('MIN33300', 'PPP – Préciser son projet', 'UE33', 'bergeron', 1.00),
('MIN411P0P', 'Administration système et réseau', 'UE41P', 'michefre', 1.00),
('MIN41200P', 'Programmation répartie', 'UE41P', 'genthial', 1.00),
('MIN413P0P', 'Programmation Web - client riche', 'UE41P', 'genthial', 1.00),
('MIN41400P', 'Conception et développement d''applications mobiles', 'UE41P', 'raievskc', 1.00),
('MIN415P0P', 'Compléments d''informatique en vue d''une insertion immédiate', 'UE41P', 'lagrezea', 1.00),
('MIN41600P', 'Projets tutorés - Compléments', 'UE41P', 'metgec', 2.00),
('MIN421P0P', 'Ateliers de création d''entreprise', 'UE42P', 'droito', 2.00),
('MIN42200P', 'Recherche opérationnelle et aide à la décision', 'UE42P', 'charenss', 2.00),
('MIN423P0P', 'Expression-communication - Communiquer dans les organisations', 'UE42P', 'desauzag', 2.00),
('MIN424P0P', 'Travailler en anglais', 'UE42P', 'metgec', 2.00),
('MIN43100P', 'Stage professionnel', 'UE43P', 'objois', 12.00),
('MIN411T0T', 'Informatique théorique', 'UE41T', 'benyellc', 1.00),
('MIN41200T', 'Programmation répartie', 'UE41T', 'genthial', 1.00),
('MIN413T0T', 'Programmation multi-style', 'UE41', 'luccia', 1.00),
('MIN41400T', 'Conception et développement d''applications mobiles', 'UE41T', 'raievskc', 1.00),
('MIN415T0T', 'Informatique embarquée', 'UE41T', 'lagrezea', 1.00),
('MIN41600T', 'Projets tutorés - Compléments', 'UE41T', 'metgec', 2.00),
('MIN421T0T', 'Mathématiques AT', 'UE42T', 'charenss', 2.00),
('MIN42200T', 'Recherche opérationnelle et aide à la décision', 'UE42T', 'charenss', 2.00),
('MIN423T0T', 'Expression-communication AT', 'UE42T', 'desauzag', 2.00),
('MIN424T0T', 'Anglais AT', 'UE42T', 'amblardm', 2.00),
('MIN43100T', 'Stage professionnel', 'UE43T', 'objois', 12.00),
('MIN1MSPO', 'Sport', 'UE1S', NULL, NULL),
('MIN2MSPO', 'Sport', 'UE2S', NULL, NULL),
('MIN3MSPO', 'Sport', 'UE3S', NULL, NULL);

-- --------------------------------------------------------

--
-- Structure de la table `notice`
--

CREATE TABLE IF NOT EXISTS `notice` (
  `student` int(8) unsigned NOT NULL,
  `module` varchar(255) NOT NULL,
  `year` int(4) NOT NULL,
  `content` text,
  PRIMARY KEY (`student`,`module`,`year`)
) ENGINE=MyISAM DEFAULT CHARSET=utf8;

--
-- Contenu de la table `notice`
--

INSERT INTO `notice` (`student`, `module`, `year`, `content`) VALUES
(21420526, 'MIN11100', 2014, 'test d''avis de poursuite'),
(21420362, 'MIN11100', 2014, 'test de changement'),
(21421378, 'MIN11100', 2014, 'nul'),
(21420247, 'MIN11100', 2014, 'test'),
(21421750, 'MIN11100', 2014, 'test d''avis de poursuite'),
(21424245, 'MIN11100', 2014, 'test');

-- --------------------------------------------------------

--
-- Structure de la table `student`
--

CREATE TABLE IF NOT EXISTS `student` (
  `id` int(8) unsigned NOT NULL,
  `name` varchar(255) DEFAULT NULL,
  PRIMARY KEY (`id`)
) ENGINE=MyISAM DEFAULT CHARSET=utf8;

--
-- Contenu de la table `student`
--

INSERT INTO `student` (`id`, `name`) VALUES
(21220769, 'MXXXX Lyyyyy'),
(21220933, 'MXXXX Dyyyyy'),
(21220967, 'MXXXX Oyyyyy'),
(21221002, 'PXXXX Kyyyyy'),
(21221595, 'NXXXX Cyyyyy'),
(21222061, 'AXXXX Cyyyyy'),
(21222318, 'CXXXX Vyyyyy'),
(21222351, 'NXXXX Wyyyyy'),
(21320010, 'EXXXX Wyyyyy'),
(21320021, 'LXXXX Dyyyyy'),
(21320072, 'EXXXX Oyyyyy'),
(21320101, 'NXXXX Pyyyyy'),
(21320106, 'AXXXX Cyyyyy'),
(21320116, 'AXXXX Syyyyy'),
(21320117, 'JXXXX Byyyyy'),
(21320126, 'AXXXX Ryyyyy'),
(21320148, 'SXXXX Ayyyyy'),
(21320150, 'JXXXX Dyyyyy'),
(21320172, 'JXXXX Wyyyyy'),
(21320206, 'LXXXX Ryyyyy'),
(21320210, 'BXXXX Hyyyyy'),
(21320236, 'AXXXX Gyyyyy'),
(21320247, 'TXXXX Hyyyyy'),
(21320250, 'AXXXX Gyyyyy'),
(21320258, 'AXXXX Lyyyyy'),
(21320324, 'VXXXX Ayyyyy'),
(21320334, 'AXXXX Gyyyyy'),
(21320374, 'TXXXX Gyyyyy'),
(21320481, 'TXXXX Gyyyyy'),
(21320506, 'SXXXX Byyyyy'),
(21320539, 'RXXXX Gyyyyy'),
(21320601, 'QXXXX Gyyyyy'),
(21320662, 'LXXXX Gyyyyy'),
(21320673, 'HXXXX Fyyyyy'),
(21320710, 'LXXXX Byyyyy'),
(21320720, 'CXXXX Myyyyy'),
(21320728, 'CXXXX Dyyyyy'),
(21320737, 'MXXXX Cyyyyy'),
(21320744, 'QXXXX Dyyyyy'),
(21321072, 'AXXXX Gyyyyy'),
(21321075, 'DXXXX Vyyyyy'),
(21321082, 'TXXXX Dyyyyy'),
(21321086, 'HXXXX Byyyyy'),
(21321089, 'JXXXX Dyyyyy'),
(21321097, 'TXXXX Cyyyyy'),
(21321124, 'CXXXX Jyyyyy'),
(21321313, 'FXXXX Myyyyy'),
(21321339, 'MXXXX Syyyyy'),
(21321459, 'LXXXX Cyyyyy'),
(21321464, 'QXXXX Pyyyyy'),
(21321469, 'AXXXX Byyyyy'),
(21321642, 'TXXXX Lyyyyy'),
(21321788, 'EXXXX Cyyyyy'),
(21321964, 'JXXXX Pyyyyy'),
(21322032, 'CXXXX Pyyyyy'),
(21322072, 'LXXXX Myyyyy'),
(21322078, 'FXXXX Tyyyyy'),
(21322095, 'MXXXX Syyyyy'),
(21322103, 'RXXXX Vyyyyy'),
(21322105, 'CXXXX Dyyyyy'),
(21322113, 'NXXXX Ryyyyy'),
(21322136, 'NXXXX Ryyyyy'),
(21322261, 'FXXXX Myyyyy'),
(21322271, 'JXXXX Byyyyy'),
(21322293, 'EXXXX Cyyyyy'),
(21322309, 'GXXXX Byyyyy'),
(21322467, 'HXXXX Myyyyy'),
(21322524, 'CXXXX Cyyyyy'),
(21323725, 'BXXXX Tyyyyy'),
(21327264, 'FXXXX Vyyyyy'),
(21420124, 'TXXXX Zyyyyy'),
(21420125, 'LXXXX Cyyyyy'),
(21420148, 'EXXXX Myyyyy'),
(21420165, 'JXXXX Byyyyy'),
(21420185, 'AXXXX Ayyyyy'),
(21420192, 'HXXXX Lyyyyy'),
(21420214, 'AXXXX Lyyyyy'),
(21420215, 'AXXXX Cyyyyy'),
(21420233, 'AXXXX Myyyyy'),
(21420239, 'JXXXX Cyyyyy'),
(21420247, 'TXXXX Myyyyy'),
(21420257, 'MXXXX Kyyyyy'),
(21420266, 'AXXXX Lyyyyy'),
(21420278, 'TXXXX Ryyyyy'),
(21420307, 'MXXXX Lyyyyy'),
(21420334, 'JXXXX Myyyyy'),
(21420362, 'NXXXX Lyyyyy'),
(21420425, 'EXXXX Myyyyy'),
(21420445, 'JXXXX Lyyyyy'),
(21420458, 'EXXXX Lyyyyy'),
(21420526, 'MXXXX Kyyyyy'),
(21420538, 'GXXXX Cyyyyy'),
(21420539, 'TXXXX Gyyyyy'),
(21420556, 'MXXXX Byyyyy'),
(21420562, 'JXXXX Pyyyyy'),
(21420581, 'SXXXX Ryyyyy'),
(21420636, 'QXXXX Oyyyyy'),
(21420658, 'JXXXX Oyyyyy'),
(21420675, 'VXXXX Ryyyyy'),
(21420747, 'MXXXX Byyyyy'),
(21420755, 'RXXXX Byyyyy'),
(21420760, 'AXXXX Myyyyy'),
(21421177, 'AXXXX Cyyyyy'),
(21421181, 'MXXXX Pyyyyy'),
(21421222, 'KXXXX Cyyyyy'),
(21421227, 'JXXXX Dyyyyy'),
(21421277, 'RXXXX Eyyyyy'),
(21421377, 'BXXXX Pyyyyy'),
(21421378, 'FXXXX Pyyyyy'),
(21421534, 'BXXXX Qyyyyy'),
(21421543, 'CXXXX Cyyyyy'),
(21421695, 'OXXXX Pyyyyy'),
(21421723, 'JXXXX Byyyyy'),
(21421725, 'BXXXX Pyyyyy'),
(21421735, 'LXXXX Cyyyyy'),
(21421750, 'TXXXX Myyyyy'),
(21421824, 'VXXXX Byyyyy'),
(21421835, 'HXXXX Byyyyy'),
(21421921, 'HXXXX Ayyyyy'),
(21422055, 'TXXXX Pyyyyy'),
(21422259, 'NXXXX Cyyyyy'),
(21422315, 'FXXXX Byyyyy'),
(21422336, 'AXXXX Byyyyy'),
(21422353, 'MXXXX Vyyyyy'),
(21422425, 'NXXXX Jyyyyy'),
(21422499, 'MXXXX Byyyyy'),
(21422542, 'MXXXX Ayyyyy'),
(21422554, 'GXXXX Cyyyyy'),
(21422597, 'HXXXX Ryyyyy'),
(21422723, 'EXXXX Byyyyy'),
(21423049, 'PXXXX Gyyyyy'),
(21423100, 'YXXXX Byyyyy'),
(21423125, 'VXXXX Lyyyyy'),
(21423152, 'BXXXX Lyyyyy'),
(21423197, 'AXXXX Fyyyyy'),
(21423285, 'RXXXX Lyyyyy'),
(21423688, 'SXXXX Byyyyy'),
(21424049, 'NXXXX Syyyyy'),
(21424159, 'CXXXX Dyyyyy'),
(21424240, 'LXXXX Byyyyy'),
(21424245, 'JXXXX Myyyyy'),
(21424319, 'CXXXX Gyyyyy'),
(21424322, 'LXXXX Gyyyyy'),
(21424403, 'AXXXX Pyyyyy'),
(21424434, 'NXXXX Kyyyyy'),
(21424443, 'AXXXX Ayyyyy'),
(21424447, 'CXXXX Vyyyyy'),
(21424448, 'MXXXX Ayyyyy'),
(21424578, 'MXXXX Cyyyyy'),
(21424746, 'RXXXX Syyyyy'),
(21425845, 'MXXXX Lyyyyy'),
(21427190, 'BXXXX Tyyyyy');

-- --------------------------------------------------------

--
-- Structure de la table `teacher`
--

CREATE TABLE IF NOT EXISTS `teacher` (
  `login` varchar(255) NOT NULL,
  `name` varchar(255) NOT NULL,
  `initials` varchar(255) NOT NULL,
  PRIMARY KEY (`login`)
) ENGINE=MyISAM DEFAULT CHARSET=utf8;

--
-- Contenu de la table `teacher`
--

INSERT INTO `teacher` (`login`, `name`, `initials`) VALUES
('occellom', 'Michel Occello', 'MO'),
('genthial', 'Damien Genthial', 'DG'),
('luccia', 'Alain Lucci', 'ALU'),
('merciera', 'Annabelle Mercier', 'AM'),
('objois', 'Philippe Objois', 'PO'),
('charenss', 'Sylvain Charensol', 'SC'),
('galdons', 'Serge Galdon', 'SG'),
('prott', 'Pierre Rotteleur', 'PR'),
('desauzag', 'Guillaume De Sauza', 'GDS'),
('metgec', 'Cécile Metge', 'CM'),
('jean', 'Sébastien Jean', 'SJ'),
('valentij', 'Jerome Valenti', 'JV'),
('boulled', 'Didier Boulle', 'DB'),
('bergeron', 'Karine Bergeron', 'KB'),
('raievskc', 'Clément Raievsky', 'CR'),
('bardv', 'Vincent Bard', 'VB'),
('michefre', 'Frédéric Michel', 'FM'),
('lagrezea', 'André Lagrèze', 'ALA'),
('benyellc', 'Choukri-Bey Ben-Yelles', 'CBBY'),
('droito', 'Olivier Droit', 'OD'),
('amblardm', 'Marion Amblard', 'MA');

-- --------------------------------------------------------

--
-- Structure de la table `tu`
--

CREATE TABLE IF NOT EXISTS `tu` (
  `label` varchar(255) NOT NULL DEFAULT '',
  `apogee` varchar(16) NOT NULL,
  `full_name` varchar(255) DEFAULT NULL,
  `semester` varchar(255) DEFAULT NULL,
  `coefficient` float(4,2) DEFAULT NULL,
  PRIMARY KEY (`label`)
) ENGINE=MyISAM DEFAULT CHARSET=utf8;

--
-- Contenu de la table `tu`
--

INSERT INTO `tu` (`label`, `apogee`, `full_name`, `semester`, `coefficient`) VALUES
('UE11', 'MIN1U100', 'Bases de l''informatique', 'S1', 17.00),
('UE12', 'MIN1U200', 'Bases de culture scientifique, sociale et humaine de l''informatique', 'S1', 13.00),
('UE21', 'MIN2U100', 'Approfondissements en informatique', 'S2', 16.00),
('UE22', 'MIN2U200', 'Approfondissements en culture scientifique, sociale et humaine', 'S2', 14.00),
('UE31', 'MIN3U100', 'Informatique avancée', 'S3', 12.00),
('UE32', 'MIN3U200', 'Culture scientifique, sociale et humaine avancées', 'S3', 12.00),
('UE33', 'MIN3U300', 'Méthodologie et Projets', 'S3', 6.00),
('UE41P', 'MIN4U1P0', 'Compléments en informatique', 'S4-AP', 10.00),
('UE42P', 'MIN4U2P0', 'Compléments de culture scientifique, sociale et humaine', 'S4-AP', 8.00),
('UE43P', 'MIN4U3P0', 'Mise en situation professionnelle', 'S4-AP', 12.00),
('UE41T', 'MIN4U1T0', 'Compléments en informatique', 'S4-AT', 10.00),
('UE42T', 'MIN4U2T0', 'Compléments de culture scientifique, sociale et humaine', 'S4-AT', 8.00),
('UE43T', 'MIN4U3T0', 'Mise en situation professionnelle', 'S4-AT', 12.00),
('UE1S', 'MIN1MSPO', 'Sport', 'S1', NULL),
('UE2S', 'MIN2MSPO', 'Sport', 'S2', NULL),
('UE3S', 'MIN3MSPO', 'Sport', 'S3', NULL);

/*!40101 SET CHARACTER_SET_CLIENT=@OLD_CHARACTER_SET_CLIENT */;
/*!40101 SET CHARACTER_SET_RESULTS=@OLD_CHARACTER_SET_RESULTS */;
/*!40101 SET COLLATION_CONNECTION=@OLD_COLLATION_CONNECTION */;
